,week,skill_name,skill_group,count,count_lag1,count_lag2,count_lag3,total_job_lag1,ai_percent_lag1,companion_name,companion_lag1
186,6,.net,framework,7,8.0,,,55.0,27.27272727272727,asp.net,2.0
322,7,.net,framework,9,7.0,8.0,,67.0,25.37313432835821,asp.net,0.0
458,8,.net,framework,8,9.0,7.0,8.0,100.0,18.0,asp.net,5.0
594,9,.net,framework,27,8.0,9.0,7.0,58.0,15.517241379310345,asp.net,0.0
730,10,.net,framework,29,27.0,8.0,9.0,208.0,16.346153846153847,asp.net,10.0
866,11,.net,framework,21,29.0,27.0,8.0,218.0,24.31192660550459,asp.net,11.0
1002,12,.net,framework,21,21.0,29.0,27.0,220.0,15.909090909090908,asp.net,8.0
1138,13,.net,framework,28,21.0,21.0,29.0,193.0,25.38860103626943,asp.net,4.0
1274,14,.net,framework,16,28.0,21.0,21.0,167.0,20.35928143712575,asp.net,7.0
1410,15,.net,framework,16,16.0,28.0,21.0,186.0,20.43010752688172,asp.net,6.0
187,6,ajax,framework,0,2.0,,,55.0,27.27272727272727,,0.0
323,7,ajax,framework,1,0.0,2.0,,67.0,25.37313432835821,,0.0
459,8,ajax,framework,0,1.0,0.0,2.0,100.0,18.0,,0.0
595,9,ajax,framework,2,0.0,1.0,0.0,58.0,15.517241379310345,,0.0
731,10,ajax,framework,4,2.0,0.0,1.0,208.0,16.346153846153847,,0.0
867,11,ajax,framework,2,4.0,2.0,0.0,218.0,24.31192660550459,,0.0
1003,12,ajax,framework,0,2.0,4.0,2.0,220.0,15.909090909090908,,0.0
1139,13,ajax,framework,2,0.0,2.0,4.0,193.0,25.38860103626943,,0.0
1275,14,ajax,framework,2,2.0,0.0,2.0,167.0,20.35928143712575,,0.0
1411,15,ajax,framework,0,2.0,2.0,0.0,186.0,20.43010752688172,,0.0
188,6,angular,framework,6,5.0,,,55.0,27.27272727272727,vue,6.0
324,7,angular,framework,9,6.0,5.0,,67.0,25.37313432835821,vue,4.0
460,8,angular,framework,3,9.0,6.0,5.0,100.0,18.0,vue,14.0
596,9,angular,framework,20,3.0,9.0,6.0,58.0,15.517241379310345,vue,3.0
732,10,angular,framework,16,20.0,3.0,9.0,208.0,16.346153846153847,vue,13.0
868,11,angular,framework,11,16.0,20.0,3.0,218.0,24.31192660550459,vue,18.0
1004,12,angular,framework,12,11.0,16.0,20.0,220.0,15.909090909090908,vue,8.0
1140,13,angular,framework,9,12.0,11.0,16.0,193.0,25.38860103626943,vue,12.0
1276,14,angular,framework,12,9.0,12.0,11.0,167.0,20.35928143712575,vue,10.0
1412,15,angular,framework,13,12.0,9.0,12.0,186.0,20.43010752688172,vue,14.0
136,6,ansible,cloud_devops,3,2.0,,,55.0,27.27272727272727,terraform,4.0
272,7,ansible,cloud_devops,2,3.0,2.0,,67.0,25.37313432835821,terraform,7.0
408,8,ansible,cloud_devops,2,2.0,3.0,2.0,100.0,18.0,terraform,8.0
544,9,ansible,cloud_devops,7,2.0,2.0,3.0,58.0,15.517241379310345,terraform,6.0
680,10,ansible,cloud_devops,3,7.0,2.0,2.0,208.0,16.346153846153847,terraform,21.0
816,11,ansible,cloud_devops,10,3.0,7.0,2.0,218.0,24.31192660550459,terraform,10.0
952,12,ansible,cloud_devops,7,10.0,3.0,7.0,220.0,15.909090909090908,terraform,18.0
1088,13,ansible,cloud_devops,7,7.0,10.0,3.0,193.0,25.38860103626943,terraform,17.0
1224,14,ansible,cloud_devops,13,7.0,7.0,10.0,167.0,20.35928143712575,terraform,10.0
1360,15,ansible,cloud_devops,11,13.0,7.0,7.0,186.0,20.43010752688172,terraform,18.0
189,6,ant design,framework,1,0.0,,,55.0,27.27272727272727,,0.0
325,7,ant design,framework,0,1.0,0.0,,67.0,25.37313432835821,,0.0
461,8,ant design,framework,0,0.0,1.0,0.0,100.0,18.0,,0.0
597,9,ant design,framework,2,0.0,0.0,1.0,58.0,15.517241379310345,,0.0
733,10,ant design,framework,0,2.0,0.0,0.0,208.0,16.346153846153847,,0.0
869,11,ant design,framework,2,0.0,2.0,0.0,218.0,24.31192660550459,,0.0
1005,12,ant design,framework,4,2.0,0.0,2.0,220.0,15.909090909090908,,0.0
1141,13,ant design,framework,1,4.0,2.0,0.0,193.0,25.38860103626943,,0.0
1277,14,ant design,framework,1,1.0,4.0,2.0,167.0,20.35928143712575,,0.0
1413,15,ant design,framework,3,1.0,1.0,4.0,186.0,20.43010752688172,,0.0
190,6,asp.net,framework,0,2.0,,,55.0,27.27272727272727,.net,8.0
326,7,asp.net,framework,5,0.0,2.0,,67.0,25.37313432835821,.net,7.0
462,8,asp.net,framework,0,5.0,0.0,2.0,100.0,18.0,.net,9.0
598,9,asp.net,framework,10,0.0,5.0,0.0,58.0,15.517241379310345,.net,8.0
734,10,asp.net,framework,11,10.0,0.0,5.0,208.0,16.346153846153847,.net,27.0
870,11,asp.net,framework,8,11.0,10.0,0.0,218.0,24.31192660550459,.net,29.0
1006,12,asp.net,framework,4,8.0,11.0,10.0,220.0,15.909090909090908,.net,21.0
1142,13,asp.net,framework,7,4.0,8.0,11.0,193.0,25.38860103626943,.net,21.0
1278,14,asp.net,framework,6,7.0,4.0,8.0,167.0,20.35928143712575,.net,28.0
1414,15,asp.net,framework,4,6.0,7.0,4.0,186.0,20.43010752688172,.net,16.0
137,6,aws,cloud_devops,25,20.0,,,55.0,27.27272727272727,,0.0
273,7,aws,cloud_devops,37,25.0,20.0,,67.0,25.37313432835821,,0.0
409,8,aws,cloud_devops,17,37.0,25.0,20.0,100.0,18.0,,0.0
545,9,aws,cloud_devops,66,17.0,37.0,25.0,58.0,15.517241379310345,,0.0
681,10,aws,cloud_devops,65,66.0,17.0,37.0,208.0,16.346153846153847,,0.0
817,11,aws,cloud_devops,70,65.0,66.0,17.0,218.0,24.31192660550459,,0.0
953,12,aws,cloud_devops,45,70.0,65.0,66.0,220.0,15.909090909090908,,0.0
1089,13,aws,cloud_devops,46,45.0,70.0,65.0,193.0,25.38860103626943,,0.0
1225,14,aws,cloud_devops,54,46.0,45.0,70.0,167.0,20.35928143712575,,0.0
1361,15,aws,cloud_devops,63,54.0,46.0,45.0,186.0,20.43010752688172,,0.0
138,6,azure,cloud_devops,13,9.0,,,55.0,27.27272727272727,gcp,4.0
274,7,azure,cloud_devops,21,13.0,9.0,,67.0,25.37313432835821,gcp,11.0
410,8,azure,cloud_devops,15,21.0,13.0,9.0,100.0,18.0,gcp,16.0
546,9,azure,cloud_devops,54,15.0,21.0,13.0,58.0,15.517241379310345,gcp,9.0
682,10,azure,cloud_devops,38,54.0,15.0,21.0,208.0,16.346153846153847,gcp,31.0
818,11,azure,cloud_devops,41,38.0,54.0,15.0,218.0,24.31192660550459,gcp,29.0
954,12,azure,cloud_devops,36,41.0,38.0,54.0,220.0,15.909090909090908,gcp,31.0
1090,13,azure,cloud_devops,27,36.0,41.0,38.0,193.0,25.38860103626943,gcp,23.0
1226,14,azure,cloud_devops,36,27.0,36.0,41.0,167.0,20.35928143712575,gcp,19.0
1362,15,azure,cloud_devops,38,36.0,27.0,36.0,186.0,20.43010752688172,gcp,27.0
173,6,bigquery,database,0,1.0,,,55.0,27.27272727272727,,0.0
309,7,bigquery,database,2,0.0,1.0,,67.0,25.37313432835821,,0.0
445,8,bigquery,database,0,2.0,0.0,1.0,100.0,18.0,,0.0
581,9,bigquery,database,2,0.0,2.0,0.0,58.0,15.517241379310345,,0.0
717,10,bigquery,database,3,2.0,0.0,2.0,208.0,16.346153846153847,,0.0
853,11,bigquery,database,3,3.0,2.0,0.0,218.0,24.31192660550459,,0.0
989,12,bigquery,database,1,3.0,3.0,2.0,220.0,15.909090909090908,,0.0
1125,13,bigquery,database,3,1.0,3.0,3.0,193.0,25.38860103626943,,0.0
1261,14,bigquery,database,1,3.0,1.0,3.0,167.0,20.35928143712575,,0.0
1397,15,bigquery,database,5,1.0,3.0,1.0,186.0,20.43010752688172,,0.0
191,6,blazor,framework,1,0.0,,,55.0,27.27272727272727,,0.0
327,7,blazor,framework,1,1.0,0.0,,67.0,25.37313432835821,,0.0
463,8,blazor,framework,0,1.0,1.0,0.0,100.0,18.0,,0.0
599,9,blazor,framework,1,0.0,1.0,1.0,58.0,15.517241379310345,,0.0
735,10,blazor,framework,2,1.0,0.0,1.0,208.0,16.346153846153847,,0.0
871,11,blazor,framework,1,2.0,1.0,0.0,218.0,24.31192660550459,,0.0
1007,12,blazor,framework,3,1.0,2.0,1.0,220.0,15.909090909090908,,0.0
1143,13,blazor,framework,2,3.0,1.0,2.0,193.0,25.38860103626943,,0.0
1279,14,blazor,framework,2,2.0,3.0,1.0,167.0,20.35928143712575,,0.0
1415,15,blazor,framework,0,2.0,2.0,3.0,186.0,20.43010752688172,,0.0
192,6,bootstrap,framework,1,2.0,,,55.0,27.27272727272727,,0.0
328,7,bootstrap,framework,5,1.0,2.0,,67.0,25.37313432835821,,0.0
464,8,bootstrap,framework,0,5.0,1.0,2.0,100.0,18.0,,0.0
600,9,bootstrap,framework,3,0.0,5.0,1.0,58.0,15.517241379310345,,0.0
736,10,bootstrap,framework,6,3.0,0.0,5.0,208.0,16.346153846153847,,0.0
872,11,bootstrap,framework,6,6.0,3.0,0.0,218.0,24.31192660550459,,0.0
1008,12,bootstrap,framework,2,6.0,6.0,3.0,220.0,15.909090909090908,,0.0
1144,13,bootstrap,framework,2,2.0,6.0,6.0,193.0,25.38860103626943,,0.0
1280,14,bootstrap,framework,3,2.0,2.0,6.0,167.0,20.35928143712575,,0.0
1416,15,bootstrap,framework,2,3.0,2.0,2.0,186.0,20.43010752688172,,0.0
260,6,c#,program_language,4,8.0,,,55.0,27.27272727272727,entity framework,1.0
396,7,c#,program_language,12,4.0,8.0,,67.0,25.37313432835821,entity framework,1.0
532,8,c#,program_language,7,12.0,4.0,8.0,100.0,18.0,entity framework,4.0
668,9,c#,program_language,27,7.0,12.0,4.0,58.0,15.517241379310345,entity framework,1.0
804,10,c#,program_language,26,27.0,7.0,12.0,208.0,16.346153846153847,entity framework,8.0
940,11,c#,program_language,19,26.0,27.0,7.0,218.0,24.31192660550459,entity framework,7.0
1076,12,c#,program_language,15,19.0,26.0,27.0,220.0,15.909090909090908,entity framework,6.0
1212,13,c#,program_language,17,15.0,19.0,26.0,193.0,25.38860103626943,entity framework,3.0
1348,14,c#,program_language,19,17.0,15.0,19.0,167.0,20.35928143712575,entity framework,4.0
1484,15,c#,program_language,18,19.0,17.0,15.0,186.0,20.43010752688172,entity framework,3.0
261,6,c++,program_language,3,2.0,,,55.0,27.27272727272727,linux,6.0
397,7,c++,program_language,5,3.0,2.0,,67.0,25.37313432835821,linux,9.0
533,8,c++,program_language,6,5.0,3.0,2.0,100.0,18.0,linux,10.0
669,9,c++,program_language,14,6.0,5.0,3.0,58.0,15.517241379310345,linux,12.0
805,10,c++,program_language,9,14.0,6.0,5.0,208.0,16.346153846153847,linux,22.0
941,11,c++,program_language,11,9.0,14.0,6.0,218.0,24.31192660550459,linux,21.0
1077,12,c++,program_language,14,11.0,9.0,14.0,220.0,15.909090909090908,linux,22.0
1213,13,c++,program_language,15,14.0,11.0,9.0,193.0,25.38860103626943,linux,24.0
1349,14,c++,program_language,17,15.0,14.0,11.0,167.0,20.35928143712575,linux,20.0
1485,15,c++,program_language,19,17.0,15.0,14.0,186.0,20.43010752688172,linux,23.0
174,6,cassandra,database,0,1.0,,,55.0,27.27272727272727,,0.0
310,7,cassandra,database,1,0.0,1.0,,67.0,25.37313432835821,,0.0
446,8,cassandra,database,1,1.0,0.0,1.0,100.0,18.0,,0.0
582,9,cassandra,database,2,1.0,1.0,0.0,58.0,15.517241379310345,,0.0
718,10,cassandra,database,2,2.0,1.0,1.0,208.0,16.346153846153847,,0.0
854,11,cassandra,database,2,2.0,2.0,1.0,218.0,24.31192660550459,,0.0
990,12,cassandra,database,5,2.0,2.0,2.0,220.0,15.909090909090908,,0.0
1126,13,cassandra,database,3,5.0,2.0,2.0,193.0,25.38860103626943,,0.0
1262,14,cassandra,database,1,3.0,5.0,2.0,167.0,20.35928143712575,,0.0
1398,15,cassandra,database,2,1.0,3.0,5.0,186.0,20.43010752688172,,0.0
139,6,ci/cd,cloud_devops,18,23.0,,,55.0,27.27272727272727,,0.0
275,7,ci/cd,cloud_devops,34,18.0,23.0,,67.0,25.37313432835821,,0.0
411,8,ci/cd,cloud_devops,14,34.0,18.0,23.0,100.0,18.0,,0.0
547,9,ci/cd,cloud_devops,67,14.0,34.0,18.0,58.0,15.517241379310345,,0.0
683,10,ci/cd,cloud_devops,65,67.0,14.0,34.0,208.0,16.346153846153847,,0.0
819,11,ci/cd,cloud_devops,66,65.0,67.0,14.0,218.0,24.31192660550459,,0.0
955,12,ci/cd,cloud_devops,55,66.0,65.0,67.0,220.0,15.909090909090908,,0.0
1091,13,ci/cd,cloud_devops,52,55.0,66.0,65.0,193.0,25.38860103626943,,0.0
1227,14,ci/cd,cloud_devops,54,52.0,55.0,66.0,167.0,20.35928143712575,,0.0
1363,15,ci/cd,cloud_devops,74,54.0,52.0,55.0,186.0,20.43010752688172,,0.0
140,6,cloudformation,cloud_devops,2,1.0,,,55.0,27.27272727272727,,0.0
276,7,cloudformation,cloud_devops,2,2.0,1.0,,67.0,25.37313432835821,,0.0
412,8,cloudformation,cloud_devops,1,2.0,2.0,1.0,100.0,18.0,,0.0
548,9,cloudformation,cloud_devops,7,1.0,2.0,2.0,58.0,15.517241379310345,,0.0
684,10,cloudformation,cloud_devops,3,7.0,1.0,2.0,208.0,16.346153846153847,,0.0
820,11,cloudformation,cloud_devops,4,3.0,7.0,1.0,218.0,24.31192660550459,,0.0
956,12,cloudformation,cloud_devops,1,4.0,3.0,7.0,220.0,15.909090909090908,,0.0
1092,13,cloudformation,cloud_devops,2,1.0,4.0,3.0,193.0,25.38860103626943,,0.0
1228,14,cloudformation,cloud_devops,4,2.0,1.0,4.0,167.0,20.35928143712575,,0.0
1364,15,cloudformation,cloud_devops,3,4.0,2.0,1.0,186.0,20.43010752688172,,0.0
141,6,cloudwatch,cloud_devops,1,1.0,,,55.0,27.27272727272727,,0.0
277,7,cloudwatch,cloud_devops,2,1.0,1.0,,67.0,25.37313432835821,,0.0
413,8,cloudwatch,cloud_devops,2,2.0,1.0,1.0,100.0,18.0,,0.0
549,9,cloudwatch,cloud_devops,1,2.0,2.0,1.0,58.0,15.517241379310345,,0.0
685,10,cloudwatch,cloud_devops,7,1.0,2.0,2.0,208.0,16.346153846153847,,0.0
821,11,cloudwatch,cloud_devops,3,7.0,1.0,2.0,218.0,24.31192660550459,,0.0
957,12,cloudwatch,cloud_devops,2,3.0,7.0,1.0,220.0,15.909090909090908,,0.0
1093,13,cloudwatch,cloud_devops,3,2.0,3.0,7.0,193.0,25.38860103626943,,0.0
1229,14,cloudwatch,cloud_devops,2,3.0,2.0,3.0,167.0,20.35928143712575,,0.0
1365,15,cloudwatch,cloud_devops,2,2.0,3.0,2.0,186.0,20.43010752688172,,0.0
142,6,codepipeline,cloud_devops,1,0.0,,,55.0,27.27272727272727,,0.0
278,7,codepipeline,cloud_devops,1,1.0,0.0,,67.0,25.37313432835821,,0.0
414,8,codepipeline,cloud_devops,1,1.0,1.0,0.0,100.0,18.0,,0.0
550,9,codepipeline,cloud_devops,1,1.0,1.0,1.0,58.0,15.517241379310345,,0.0
686,10,codepipeline,cloud_devops,3,1.0,1.0,1.0,208.0,16.346153846153847,,0.0
822,11,codepipeline,cloud_devops,2,3.0,1.0,1.0,218.0,24.31192660550459,,0.0
958,12,codepipeline,cloud_devops,2,2.0,3.0,1.0,220.0,15.909090909090908,,0.0
1094,13,codepipeline,cloud_devops,1,2.0,2.0,3.0,193.0,25.38860103626943,,0.0
1230,14,codepipeline,cloud_devops,0,1.0,2.0,2.0,167.0,20.35928143712575,,0.0
1366,15,codepipeline,cloud_devops,0,0.0,1.0,2.0,186.0,20.43010752688172,,0.0
242,6,crm,platform,4,4.0,,,55.0,27.27272727272727,erp,6.0
378,7,crm,platform,3,4.0,4.0,,67.0,25.37313432835821,erp,5.0
514,8,crm,platform,3,3.0,4.0,4.0,100.0,18.0,erp,6.0
650,9,crm,platform,14,3.0,3.0,4.0,58.0,15.517241379310345,erp,4.0
786,10,crm,platform,11,14.0,3.0,3.0,208.0,16.346153846153847,erp,16.0
922,11,crm,platform,12,11.0,14.0,3.0,218.0,24.31192660550459,erp,15.0
1058,12,crm,platform,4,12.0,11.0,14.0,220.0,15.909090909090908,erp,14.0
1194,13,crm,platform,9,4.0,12.0,11.0,193.0,25.38860103626943,erp,8.0
1330,14,crm,platform,8,9.0,4.0,12.0,167.0,20.35928143712575,erp,11.0
1466,15,crm,platform,13,8.0,9.0,4.0,186.0,20.43010752688172,erp,9.0
193,6,css,framework,5,11.0,,,55.0,27.27272727272727,html,8.0
329,7,css,framework,20,5.0,11.0,,67.0,25.37313432835821,html,5.0
465,8,css,framework,4,20.0,5.0,11.0,100.0,18.0,html,20.0
601,9,css,framework,20,4.0,20.0,5.0,58.0,15.517241379310345,html,4.0
737,10,css,framework,37,20.0,4.0,20.0,208.0,16.346153846153847,html,19.0
873,11,css,framework,30,37.0,20.0,4.0,218.0,24.31192660550459,html,35.0
1009,12,css,framework,24,30.0,37.0,20.0,220.0,15.909090909090908,html,31.0
1145,13,css,framework,17,24.0,30.0,37.0,193.0,25.38860103626943,html,23.0
1281,14,css,framework,17,17.0,24.0,30.0,167.0,20.35928143712575,html,16.0
1417,15,css,framework,26,17.0,17.0,24.0,186.0,20.43010752688172,html,17.0
194,6,cypress,framework,1,4.0,,,55.0,27.27272727272727,,0.0
330,7,cypress,framework,4,1.0,4.0,,67.0,25.37313432835821,,0.0
466,8,cypress,framework,1,4.0,1.0,4.0,100.0,18.0,,0.0
602,9,cypress,framework,5,1.0,4.0,1.0,58.0,15.517241379310345,,0.0
738,10,cypress,framework,9,5.0,1.0,4.0,208.0,16.346153846153847,,0.0
874,11,cypress,framework,5,9.0,5.0,1.0,218.0,24.31192660550459,,0.0
1010,12,cypress,framework,2,5.0,9.0,5.0,220.0,15.909090909090908,,0.0
1146,13,cypress,framework,2,2.0,5.0,9.0,193.0,25.38860103626943,,0.0
1282,14,cypress,framework,4,2.0,2.0,5.0,167.0,20.35928143712575,,0.0
1418,15,cypress,framework,6,4.0,2.0,2.0,186.0,20.43010752688172,,0.0
143,6,devops,cloud_devops,16,14.0,,,55.0,27.27272727272727,ansible,2.0
279,7,devops,cloud_devops,21,16.0,14.0,,67.0,25.37313432835821,ansible,3.0
415,8,devops,cloud_devops,9,21.0,16.0,14.0,100.0,18.0,ansible,2.0
551,9,devops,cloud_devops,38,9.0,21.0,16.0,58.0,15.517241379310345,ansible,2.0
687,10,devops,cloud_devops,37,38.0,9.0,21.0,208.0,16.346153846153847,ansible,7.0
823,11,devops,cloud_devops,53,37.0,38.0,9.0,218.0,24.31192660550459,ansible,3.0
959,12,devops,cloud_devops,37,53.0,37.0,38.0,220.0,15.909090909090908,ansible,10.0
1095,13,devops,cloud_devops,35,37.0,53.0,37.0,193.0,25.38860103626943,ansible,7.0
1231,14,devops,cloud_devops,51,35.0,37.0,53.0,167.0,20.35928143712575,ansible,7.0
1367,15,devops,cloud_devops,51,51.0,35.0,37.0,186.0,20.43010752688172,ansible,13.0
144,6,devsecops,cloud_devops,1,0.0,,,55.0,27.27272727272727,secops,0.0
280,7,devsecops,cloud_devops,1,1.0,0.0,,67.0,25.37313432835821,secops,1.0
416,8,devsecops,cloud_devops,3,1.0,1.0,0.0,100.0,18.0,secops,1.0
552,9,devsecops,cloud_devops,4,3.0,1.0,1.0,58.0,15.517241379310345,secops,3.0
688,10,devsecops,cloud_devops,3,4.0,3.0,1.0,208.0,16.346153846153847,secops,5.0
824,11,devsecops,cloud_devops,7,3.0,4.0,3.0,218.0,24.31192660550459,secops,2.0
960,12,devsecops,cloud_devops,5,7.0,3.0,4.0,220.0,15.909090909090908,secops,7.0
1096,13,devsecops,cloud_devops,4,5.0,7.0,3.0,193.0,25.38860103626943,secops,4.0
1232,14,devsecops,cloud_devops,8,4.0,5.0,7.0,167.0,20.35928143712575,secops,4.0
1368,15,devsecops,cloud_devops,4,8.0,4.0,5.0,186.0,20.43010752688172,secops,8.0
195,6,django,framework,1,1.0,,,55.0,27.27272727272727,python,20.0
331,7,django,framework,2,1.0,1.0,,67.0,25.37313432835821,python,23.0
467,8,django,framework,0,2.0,1.0,1.0,100.0,18.0,python,29.0
603,9,django,framework,5,0.0,2.0,1.0,58.0,15.517241379310345,python,14.0
739,10,django,framework,4,5.0,0.0,2.0,208.0,16.346153846153847,python,65.0
875,11,django,framework,4,4.0,5.0,0.0,218.0,24.31192660550459,python,55.0
1011,12,django,framework,9,4.0,4.0,5.0,220.0,15.909090909090908,python,60.0
1147,13,django,framework,2,9.0,4.0,4.0,193.0,25.38860103626943,python,54.0
1283,14,django,framework,4,2.0,9.0,4.0,167.0,20.35928143712575,python,45.0
1419,15,django,framework,6,4.0,2.0,9.0,186.0,20.43010752688172,python,48.0
145,6,dns,cloud_devops,0,0.0,,,55.0,27.27272727272727,,0.0
281,7,dns,cloud_devops,2,0.0,0.0,,67.0,25.37313432835821,,0.0
417,8,dns,cloud_devops,2,2.0,0.0,0.0,100.0,18.0,,0.0
553,9,dns,cloud_devops,2,2.0,2.0,0.0,58.0,15.517241379310345,,0.0
689,10,dns,cloud_devops,3,2.0,2.0,2.0,208.0,16.346153846153847,,0.0
825,11,dns,cloud_devops,16,3.0,2.0,2.0,218.0,24.31192660550459,,0.0
961,12,dns,cloud_devops,6,16.0,3.0,2.0,220.0,15.909090909090908,,0.0
1097,13,dns,cloud_devops,4,6.0,16.0,3.0,193.0,25.38860103626943,,0.0
1233,14,dns,cloud_devops,4,4.0,6.0,16.0,167.0,20.35928143712575,,0.0
1369,15,dns,cloud_devops,4,4.0,4.0,6.0,186.0,20.43010752688172,,0.0
146,6,docker,cloud_devops,15,20.0,,,55.0,27.27272727272727,kubernetes,6.0
282,7,docker,cloud_devops,28,15.0,20.0,,67.0,25.37313432835821,kubernetes,9.0
418,8,docker,cloud_devops,15,28.0,15.0,20.0,100.0,18.0,kubernetes,21.0
554,9,docker,cloud_devops,48,15.0,28.0,15.0,58.0,15.517241379310345,kubernetes,8.0
690,10,docker,cloud_devops,44,48.0,15.0,28.0,208.0,16.346153846153847,kubernetes,42.0
826,11,docker,cloud_devops,47,44.0,48.0,15.0,218.0,24.31192660550459,kubernetes,30.0
962,12,docker,cloud_devops,46,47.0,44.0,48.0,220.0,15.909090909090908,kubernetes,31.0
1098,13,docker,cloud_devops,30,46.0,47.0,44.0,193.0,25.38860103626943,kubernetes,37.0
1234,14,docker,cloud_devops,44,30.0,46.0,47.0,167.0,20.35928143712575,kubernetes,24.0
1370,15,docker,cloud_devops,48,44.0,30.0,46.0,186.0,20.43010752688172,kubernetes,31.0
175,6,dynamodb,database,1,2.0,,,55.0,27.27272727272727,,0.0
311,7,dynamodb,database,2,1.0,2.0,,67.0,25.37313432835821,,0.0
447,8,dynamodb,database,1,2.0,1.0,2.0,100.0,18.0,,0.0
583,9,dynamodb,database,7,1.0,2.0,1.0,58.0,15.517241379310345,,0.0
719,10,dynamodb,database,9,7.0,1.0,2.0,208.0,16.346153846153847,,0.0
855,11,dynamodb,database,3,9.0,7.0,1.0,218.0,24.31192660550459,,0.0
991,12,dynamodb,database,3,3.0,9.0,7.0,220.0,15.909090909090908,,0.0
1127,13,dynamodb,database,2,3.0,3.0,9.0,193.0,25.38860103626943,,0.0
1263,14,dynamodb,database,3,2.0,3.0,3.0,167.0,20.35928143712575,,0.0
1399,15,dynamodb,database,3,3.0,2.0,3.0,186.0,20.43010752688172,,0.0
147,6,eks,cloud_devops,5,1.0,,,55.0,27.27272727272727,kubernetes,6.0
283,7,eks,cloud_devops,3,5.0,1.0,,67.0,25.37313432835821,kubernetes,9.0
419,8,eks,cloud_devops,2,3.0,5.0,1.0,100.0,18.0,kubernetes,21.0
555,9,eks,cloud_devops,3,2.0,3.0,5.0,58.0,15.517241379310345,kubernetes,8.0
691,10,eks,cloud_devops,2,3.0,2.0,3.0,208.0,16.346153846153847,kubernetes,42.0
827,11,eks,cloud_devops,8,2.0,3.0,2.0,218.0,24.31192660550459,kubernetes,30.0
963,12,eks,cloud_devops,2,8.0,2.0,3.0,220.0,15.909090909090908,kubernetes,31.0
1099,13,eks,cloud_devops,9,2.0,8.0,2.0,193.0,25.38860103626943,kubernetes,37.0
1235,14,eks,cloud_devops,7,9.0,2.0,8.0,167.0,20.35928143712575,kubernetes,24.0
1371,15,eks,cloud_devops,4,7.0,9.0,2.0,186.0,20.43010752688172,kubernetes,31.0
176,6,elasticsearch,database,3,3.0,,,55.0,27.27272727272727,redis,9.0
312,7,elasticsearch,database,9,3.0,3.0,,67.0,25.37313432835821,redis,9.0
448,8,elasticsearch,database,2,9.0,3.0,3.0,100.0,18.0,redis,11.0
584,9,elasticsearch,database,12,2.0,9.0,3.0,58.0,15.517241379310345,redis,1.0
720,10,elasticsearch,database,8,12.0,2.0,9.0,208.0,16.346153846153847,redis,25.0
856,11,elasticsearch,database,11,8.0,12.0,2.0,218.0,24.31192660550459,redis,28.0
992,12,elasticsearch,database,8,11.0,8.0,12.0,220.0,15.909090909090908,redis,28.0
1128,13,elasticsearch,database,7,8.0,11.0,8.0,193.0,25.38860103626943,redis,19.0
1264,14,elasticsearch,database,7,7.0,8.0,11.0,167.0,20.35928143712575,redis,14.0
1400,15,elasticsearch,database,8,7.0,7.0,8.0,186.0,20.43010752688172,redis,12.0
148,6,elk stack,cloud_devops,0,0.0,,,55.0,27.27272727272727,,0.0
284,7,elk stack,cloud_devops,1,0.0,0.0,,67.0,25.37313432835821,,0.0
420,8,elk stack,cloud_devops,3,1.0,0.0,0.0,100.0,18.0,,0.0
556,9,elk stack,cloud_devops,9,3.0,1.0,0.0,58.0,15.517241379310345,,0.0
692,10,elk stack,cloud_devops,1,9.0,3.0,1.0,208.0,16.346153846153847,,0.0
828,11,elk stack,cloud_devops,1,1.0,9.0,3.0,218.0,24.31192660550459,,0.0
964,12,elk stack,cloud_devops,1,1.0,1.0,9.0,220.0,15.909090909090908,,0.0
1100,13,elk stack,cloud_devops,4,1.0,1.0,1.0,193.0,25.38860103626943,,0.0
1236,14,elk stack,cloud_devops,2,4.0,1.0,1.0,167.0,20.35928143712575,,0.0
1372,15,elk stack,cloud_devops,4,2.0,4.0,1.0,186.0,20.43010752688172,,0.0
196,6,entity framework,framework,1,1.0,,,55.0,27.27272727272727,.net,8.0
332,7,entity framework,framework,4,1.0,1.0,,67.0,25.37313432835821,.net,7.0
468,8,entity framework,framework,1,4.0,1.0,1.0,100.0,18.0,.net,9.0
604,9,entity framework,framework,8,1.0,4.0,1.0,58.0,15.517241379310345,.net,8.0
740,10,entity framework,framework,7,8.0,1.0,4.0,208.0,16.346153846153847,.net,27.0
876,11,entity framework,framework,6,7.0,8.0,1.0,218.0,24.31192660550459,.net,29.0
1012,12,entity framework,framework,3,6.0,7.0,8.0,220.0,15.909090909090908,.net,21.0
1148,13,entity framework,framework,4,3.0,6.0,7.0,193.0,25.38860103626943,.net,21.0
1284,14,entity framework,framework,3,4.0,3.0,6.0,167.0,20.35928143712575,.net,28.0
1420,15,entity framework,framework,2,3.0,4.0,3.0,186.0,20.43010752688172,.net,16.0
243,6,erp,platform,5,6.0,,,55.0,27.27272727272727,crm,4.0
379,7,erp,platform,6,5.0,6.0,,67.0,25.37313432835821,crm,4.0
515,8,erp,platform,4,6.0,5.0,6.0,100.0,18.0,crm,3.0
651,9,erp,platform,16,4.0,6.0,5.0,58.0,15.517241379310345,crm,3.0
787,10,erp,platform,15,16.0,4.0,6.0,208.0,16.346153846153847,crm,14.0
923,11,erp,platform,14,15.0,16.0,4.0,218.0,24.31192660550459,crm,11.0
1059,12,erp,platform,8,14.0,15.0,16.0,220.0,15.909090909090908,crm,12.0
1195,13,erp,platform,11,8.0,14.0,15.0,193.0,25.38860103626943,crm,4.0
1331,14,erp,platform,9,11.0,8.0,14.0,167.0,20.35928143712575,crm,9.0
1467,15,erp,platform,14,9.0,11.0,8.0,186.0,20.43010752688172,crm,8.0
197,6,express,framework,2,3.0,,,55.0,27.27272727272727,,0.0
333,7,express,framework,6,2.0,3.0,,67.0,25.37313432835821,,0.0
469,8,express,framework,0,6.0,2.0,3.0,100.0,18.0,,0.0
605,9,express,framework,5,0.0,6.0,2.0,58.0,15.517241379310345,,0.0
741,10,express,framework,4,5.0,0.0,6.0,208.0,16.346153846153847,,0.0
877,11,express,framework,2,4.0,5.0,0.0,218.0,24.31192660550459,,0.0
1013,12,express,framework,5,2.0,4.0,5.0,220.0,15.909090909090908,,0.0
1149,13,express,framework,4,5.0,2.0,4.0,193.0,25.38860103626943,,0.0
1285,14,express,framework,3,4.0,5.0,2.0,167.0,20.35928143712575,,0.0
1421,15,express,framework,5,3.0,4.0,5.0,186.0,20.43010752688172,,0.0
198,6,fastapi,framework,1,3.0,,,55.0,27.27272727272727,python,20.0
334,7,fastapi,framework,2,1.0,3.0,,67.0,25.37313432835821,python,23.0
470,8,fastapi,framework,0,2.0,1.0,3.0,100.0,18.0,python,29.0
606,9,fastapi,framework,8,0.0,2.0,1.0,58.0,15.517241379310345,python,14.0
742,10,fastapi,framework,8,8.0,0.0,2.0,208.0,16.346153846153847,python,65.0
878,11,fastapi,framework,5,8.0,8.0,0.0,218.0,24.31192660550459,python,55.0
1014,12,fastapi,framework,10,5.0,8.0,8.0,220.0,15.909090909090908,python,60.0
1150,13,fastapi,framework,4,10.0,5.0,8.0,193.0,25.38860103626943,python,54.0
1286,14,fastapi,framework,6,4.0,10.0,5.0,167.0,20.35928143712575,python,45.0
1422,15,fastapi,framework,6,6.0,4.0,10.0,186.0,20.43010752688172,python,48.0
199,6,flask,framework,0,3.0,,,55.0,27.27272727272727,,0.0
335,7,flask,framework,1,0.0,3.0,,67.0,25.37313432835821,,0.0
471,8,flask,framework,0,1.0,0.0,3.0,100.0,18.0,,0.0
607,9,flask,framework,6,0.0,1.0,0.0,58.0,15.517241379310345,,0.0
743,10,flask,framework,3,6.0,0.0,1.0,208.0,16.346153846153847,,0.0
879,11,flask,framework,4,3.0,6.0,0.0,218.0,24.31192660550459,,0.0
1015,12,flask,framework,4,4.0,3.0,6.0,220.0,15.909090909090908,,0.0
1151,13,flask,framework,1,4.0,4.0,3.0,193.0,25.38860103626943,,0.0
1287,14,flask,framework,5,1.0,4.0,4.0,167.0,20.35928143712575,,0.0
1423,15,flask,framework,4,5.0,1.0,4.0,186.0,20.43010752688172,,0.0
200,6,flutter,framework,3,1.0,,,55.0,27.27272727272727,,0.0
336,7,flutter,framework,3,3.0,1.0,,67.0,25.37313432835821,,0.0
472,8,flutter,framework,2,3.0,3.0,1.0,100.0,18.0,,0.0
608,9,flutter,framework,9,2.0,3.0,3.0,58.0,15.517241379310345,,0.0
744,10,flutter,framework,6,9.0,2.0,3.0,208.0,16.346153846153847,,0.0
880,11,flutter,framework,5,6.0,9.0,2.0,218.0,24.31192660550459,,0.0
1016,12,flutter,framework,9,5.0,6.0,9.0,220.0,15.909090909090908,,0.0
1152,13,flutter,framework,6,9.0,5.0,6.0,193.0,25.38860103626943,,0.0
1288,14,flutter,framework,4,6.0,9.0,5.0,167.0,20.35928143712575,,0.0
1424,15,flutter,framework,6,4.0,6.0,9.0,186.0,20.43010752688172,,0.0
149,6,gcp,cloud_devops,11,4.0,,,55.0,27.27272727272727,azure,9.0
285,7,gcp,cloud_devops,16,11.0,4.0,,67.0,25.37313432835821,azure,13.0
421,8,gcp,cloud_devops,9,16.0,11.0,4.0,100.0,18.0,azure,21.0
557,9,gcp,cloud_devops,31,9.0,16.0,11.0,58.0,15.517241379310345,azure,15.0
693,10,gcp,cloud_devops,29,31.0,9.0,16.0,208.0,16.346153846153847,azure,54.0
829,11,gcp,cloud_devops,31,29.0,31.0,9.0,218.0,24.31192660550459,azure,38.0
965,12,gcp,cloud_devops,23,31.0,29.0,31.0,220.0,15.909090909090908,azure,41.0
1101,13,gcp,cloud_devops,19,23.0,31.0,29.0,193.0,25.38860103626943,azure,36.0
1237,14,gcp,cloud_devops,27,19.0,23.0,31.0,167.0,20.35928143712575,azure,27.0
1373,15,gcp,cloud_devops,23,27.0,19.0,23.0,186.0,20.43010752688172,azure,36.0
150,6,github,cloud_devops,2,5.0,,,55.0,27.27272727272727,,0.0
286,7,github,cloud_devops,3,2.0,5.0,,67.0,25.37313432835821,,0.0
422,8,github,cloud_devops,1,3.0,2.0,5.0,100.0,18.0,,0.0
558,9,github,cloud_devops,6,1.0,3.0,2.0,58.0,15.517241379310345,,0.0
694,10,github,cloud_devops,19,6.0,1.0,3.0,208.0,16.346153846153847,,0.0
830,11,github,cloud_devops,9,19.0,6.0,1.0,218.0,24.31192660550459,,0.0
966,12,github,cloud_devops,11,9.0,19.0,6.0,220.0,15.909090909090908,,0.0
1102,13,github,cloud_devops,8,11.0,9.0,19.0,193.0,25.38860103626943,,0.0
1238,14,github,cloud_devops,9,8.0,11.0,9.0,167.0,20.35928143712575,,0.0
1374,15,github,cloud_devops,11,9.0,8.0,11.0,186.0,20.43010752688172,,0.0
151,6,github actions,cloud_devops,2,9.0,,,55.0,27.27272727272727,gitlab ci,5.0
287,7,github actions,cloud_devops,11,2.0,9.0,,67.0,25.37313432835821,gitlab ci,2.0
423,8,github actions,cloud_devops,4,11.0,2.0,9.0,100.0,18.0,gitlab ci,4.0
559,9,github actions,cloud_devops,12,4.0,11.0,2.0,58.0,15.517241379310345,gitlab ci,2.0
695,10,github actions,cloud_devops,12,12.0,4.0,11.0,208.0,16.346153846153847,gitlab ci,10.0
831,11,github actions,cloud_devops,12,12.0,12.0,4.0,218.0,24.31192660550459,gitlab ci,11.0
967,12,github actions,cloud_devops,9,12.0,12.0,12.0,220.0,15.909090909090908,gitlab ci,8.0
1103,13,github actions,cloud_devops,11,9.0,12.0,12.0,193.0,25.38860103626943,gitlab ci,8.0
1239,14,github actions,cloud_devops,8,11.0,9.0,12.0,167.0,20.35928143712575,gitlab ci,6.0
1375,15,github actions,cloud_devops,12,8.0,11.0,9.0,186.0,20.43010752688172,gitlab ci,9.0
152,6,gitlab,cloud_devops,6,1.0,,,55.0,27.27272727272727,,0.0
288,7,gitlab,cloud_devops,3,6.0,1.0,,67.0,25.37313432835821,,0.0
424,8,gitlab,cloud_devops,1,3.0,6.0,1.0,100.0,18.0,,0.0
560,9,gitlab,cloud_devops,6,1.0,3.0,6.0,58.0,15.517241379310345,,0.0
696,10,gitlab,cloud_devops,6,6.0,1.0,3.0,208.0,16.346153846153847,,0.0
832,11,gitlab,cloud_devops,6,6.0,6.0,1.0,218.0,24.31192660550459,,0.0
968,12,gitlab,cloud_devops,5,6.0,6.0,6.0,220.0,15.909090909090908,,0.0
1104,13,gitlab,cloud_devops,4,5.0,6.0,6.0,193.0,25.38860103626943,,0.0
1240,14,gitlab,cloud_devops,8,4.0,5.0,6.0,167.0,20.35928143712575,,0.0
1376,15,gitlab,cloud_devops,4,8.0,4.0,5.0,186.0,20.43010752688172,,0.0
153,6,gitlab ci,cloud_devops,2,5.0,,,55.0,27.27272727272727,github actions,9.0
289,7,gitlab ci,cloud_devops,4,2.0,5.0,,67.0,25.37313432835821,github actions,2.0
425,8,gitlab ci,cloud_devops,2,4.0,2.0,5.0,100.0,18.0,github actions,11.0
561,9,gitlab ci,cloud_devops,10,2.0,4.0,2.0,58.0,15.517241379310345,github actions,4.0
697,10,gitlab ci,cloud_devops,11,10.0,2.0,4.0,208.0,16.346153846153847,github actions,12.0
833,11,gitlab ci,cloud_devops,8,11.0,10.0,2.0,218.0,24.31192660550459,github actions,12.0
969,12,gitlab ci,cloud_devops,8,8.0,11.0,10.0,220.0,15.909090909090908,github actions,12.0
1105,13,gitlab ci,cloud_devops,6,8.0,8.0,11.0,193.0,25.38860103626943,github actions,9.0
1241,14,gitlab ci,cloud_devops,9,6.0,8.0,8.0,167.0,20.35928143712575,github actions,11.0
1377,15,gitlab ci,cloud_devops,3,9.0,6.0,8.0,186.0,20.43010752688172,github actions,8.0
154,6,gitops,cloud_devops,1,2.0,,,55.0,27.27272727272727,,0.0
290,7,gitops,cloud_devops,3,1.0,2.0,,67.0,25.37313432835821,,0.0
426,8,gitops,cloud_devops,1,3.0,1.0,2.0,100.0,18.0,,0.0
562,9,gitops,cloud_devops,3,1.0,3.0,1.0,58.0,15.517241379310345,,0.0
698,10,gitops,cloud_devops,2,3.0,1.0,3.0,208.0,16.346153846153847,,0.0
834,11,gitops,cloud_devops,3,2.0,3.0,1.0,218.0,24.31192660550459,,0.0
970,12,gitops,cloud_devops,4,3.0,2.0,3.0,220.0,15.909090909090908,,0.0
1106,13,gitops,cloud_devops,2,4.0,3.0,2.0,193.0,25.38860103626943,,0.0
1242,14,gitops,cloud_devops,3,2.0,4.0,3.0,167.0,20.35928143712575,,0.0
1378,15,gitops,cloud_devops,1,3.0,2.0,4.0,186.0,20.43010752688172,,0.0
262,6,go,program_language,5,5.0,,,55.0,27.27272727272727,kafka,6.0
398,7,go,program_language,13,5.0,5.0,,67.0,25.37313432835821,kafka,9.0
534,8,go,program_language,2,13.0,5.0,5.0,100.0,18.0,kafka,10.0
670,9,go,program_language,17,2.0,13.0,5.0,58.0,15.517241379310345,kafka,3.0
806,10,go,program_language,9,17.0,2.0,13.0,208.0,16.346153846153847,kafka,18.0
942,11,go,program_language,11,9.0,17.0,2.0,218.0,24.31192660550459,kafka,31.0
1078,12,go,program_language,21,11.0,9.0,17.0,220.0,15.909090909090908,kafka,27.0
1214,13,go,program_language,10,21.0,11.0,9.0,193.0,25.38860103626943,kafka,25.0
1350,14,go,program_language,5,10.0,21.0,11.0,167.0,20.35928143712575,kafka,16.0
1486,15,go,program_language,12,5.0,10.0,21.0,186.0,20.43010752688172,kafka,18.0
244,6,graphql,platform,2,3.0,,,55.0,27.27272727272727,,0.0
380,7,graphql,platform,11,2.0,3.0,,67.0,25.37313432835821,,0.0
516,8,graphql,platform,1,11.0,2.0,3.0,100.0,18.0,,0.0
652,9,graphql,platform,7,1.0,11.0,2.0,58.0,15.517241379310345,,0.0
788,10,graphql,platform,15,7.0,1.0,11.0,208.0,16.346153846153847,,0.0
924,11,graphql,platform,10,15.0,7.0,1.0,218.0,24.31192660550459,,0.0
1060,12,graphql,platform,4,10.0,15.0,7.0,220.0,15.909090909090908,,0.0
1196,13,graphql,platform,7,4.0,10.0,15.0,193.0,25.38860103626943,,0.0
1332,14,graphql,platform,5,7.0,4.0,10.0,167.0,20.35928143712575,,0.0
1468,15,graphql,platform,9,5.0,7.0,4.0,186.0,20.43010752688172,,0.0
201,6,grpc,framework,3,0.0,,,55.0,27.27272727272727,,0.0
337,7,grpc,framework,3,3.0,0.0,,67.0,25.37313432835821,,0.0
473,8,grpc,framework,1,3.0,3.0,0.0,100.0,18.0,,0.0
609,9,grpc,framework,3,1.0,3.0,3.0,58.0,15.517241379310345,,0.0
745,10,grpc,framework,4,3.0,1.0,3.0,208.0,16.346153846153847,,0.0
881,11,grpc,framework,6,4.0,3.0,1.0,218.0,24.31192660550459,,0.0
1017,12,grpc,framework,8,6.0,4.0,3.0,220.0,15.909090909090908,,0.0
1153,13,grpc,framework,8,8.0,6.0,4.0,193.0,25.38860103626943,,0.0
1289,14,grpc,framework,4,8.0,8.0,6.0,167.0,20.35928143712575,,0.0
1425,15,grpc,framework,5,4.0,8.0,8.0,186.0,20.43010752688172,,0.0
202,6,hibernate,framework,3,0.0,,,55.0,27.27272727272727,spring,2.0
338,7,hibernate,framework,2,3.0,0.0,,67.0,25.37313432835821,spring,6.0
474,8,hibernate,framework,0,2.0,3.0,0.0,100.0,18.0,spring,6.0
610,9,hibernate,framework,6,0.0,2.0,3.0,58.0,15.517241379310345,spring,1.0
746,10,hibernate,framework,4,6.0,0.0,2.0,208.0,16.346153846153847,spring,18.0
882,11,hibernate,framework,9,4.0,6.0,0.0,218.0,24.31192660550459,spring,16.0
1018,12,hibernate,framework,1,9.0,4.0,6.0,220.0,15.909090909090908,spring,23.0
1154,13,hibernate,framework,3,1.0,9.0,4.0,193.0,25.38860103626943,spring,19.0
1290,14,hibernate,framework,3,3.0,1.0,9.0,167.0,20.35928143712575,spring,11.0
1426,15,hibernate,framework,2,3.0,3.0,1.0,186.0,20.43010752688172,spring,14.0
203,6,html,framework,5,8.0,,,55.0,27.27272727272727,css,11.0
339,7,html,framework,20,5.0,8.0,,67.0,25.37313432835821,css,5.0
475,8,html,framework,4,20.0,5.0,8.0,100.0,18.0,css,20.0
611,9,html,framework,19,4.0,20.0,5.0,58.0,15.517241379310345,css,4.0
747,10,html,framework,35,19.0,4.0,20.0,208.0,16.346153846153847,css,20.0
883,11,html,framework,31,35.0,19.0,4.0,218.0,24.31192660550459,css,37.0
1019,12,html,framework,23,31.0,35.0,19.0,220.0,15.909090909090908,css,30.0
1155,13,html,framework,16,23.0,31.0,35.0,193.0,25.38860103626943,css,24.0
1291,14,html,framework,17,16.0,23.0,31.0,167.0,20.35928143712575,css,17.0
1427,15,html,framework,24,17.0,16.0,23.0,186.0,20.43010752688172,css,17.0
155,6,iam,cloud_devops,5,2.0,,,55.0,27.27272727272727,,0.0
291,7,iam,cloud_devops,1,5.0,2.0,,67.0,25.37313432835821,,0.0
427,8,iam,cloud_devops,3,1.0,5.0,2.0,100.0,18.0,,0.0
563,9,iam,cloud_devops,3,3.0,1.0,5.0,58.0,15.517241379310345,,0.0
699,10,iam,cloud_devops,3,3.0,3.0,1.0,208.0,16.346153846153847,,0.0
835,11,iam,cloud_devops,5,3.0,3.0,3.0,218.0,24.31192660550459,,0.0
971,12,iam,cloud_devops,8,5.0,3.0,3.0,220.0,15.909090909090908,,0.0
1107,13,iam,cloud_devops,7,8.0,5.0,3.0,193.0,25.38860103626943,,0.0
1243,14,iam,cloud_devops,11,7.0,8.0,5.0,167.0,20.35928143712575,,0.0
1379,15,iam,cloud_devops,4,11.0,7.0,8.0,186.0,20.43010752688172,,0.0
263,6,java,program_language,21,12.0,,,55.0,27.27272727272727,spring boot,2.0
399,7,java,program_language,24,21.0,12.0,,67.0,25.37313432835821,spring boot,2.0
535,8,java,program_language,10,24.0,21.0,12.0,100.0,18.0,spring boot,6.0
671,9,java,program_language,43,10.0,24.0,21.0,58.0,15.517241379310345,spring boot,0.0
807,10,java,program_language,39,43.0,10.0,24.0,208.0,16.346153846153847,spring boot,13.0
943,11,java,program_language,46,39.0,43.0,10.0,218.0,24.31192660550459,spring boot,14.0
1079,12,java,program_language,51,46.0,39.0,43.0,220.0,15.909090909090908,spring boot,18.0
1215,13,java,program_language,33,51.0,46.0,39.0,193.0,25.38860103626943,spring boot,14.0
1351,14,java,program_language,36,33.0,51.0,46.0,167.0,20.35928143712575,spring boot,10.0
1487,15,java,program_language,56,36.0,33.0,51.0,186.0,20.43010752688172,spring boot,11.0
264,6,javascript,program_language,13,12.0,,,55.0,27.27272727272727,redux,1.0
400,7,javascript,program_language,27,13.0,12.0,,67.0,25.37313432835821,redux,3.0
536,8,javascript,program_language,8,27.0,13.0,12.0,100.0,18.0,redux,6.0
672,9,javascript,program_language,34,8.0,27.0,13.0,58.0,15.517241379310345,redux,0.0
808,10,javascript,program_language,58,34.0,8.0,27.0,208.0,16.346153846153847,redux,4.0
944,11,javascript,program_language,40,58.0,34.0,8.0,218.0,24.31192660550459,redux,9.0
1080,12,javascript,program_language,26,40.0,58.0,34.0,220.0,15.909090909090908,redux,6.0
1216,13,javascript,program_language,28,26.0,40.0,58.0,193.0,25.38860103626943,redux,7.0
1352,14,javascript,program_language,29,28.0,26.0,40.0,167.0,20.35928143712575,redux,3.0
1488,15,javascript,program_language,46,29.0,28.0,26.0,186.0,20.43010752688172,redux,4.0
156,6,jenkins,cloud_devops,3,7.0,,,55.0,27.27272727272727,gitlab ci,5.0
292,7,jenkins,cloud_devops,10,3.0,7.0,,67.0,25.37313432835821,gitlab ci,2.0
428,8,jenkins,cloud_devops,4,10.0,3.0,7.0,100.0,18.0,gitlab ci,4.0
564,9,jenkins,cloud_devops,19,4.0,10.0,3.0,58.0,15.517241379310345,gitlab ci,2.0
700,10,jenkins,cloud_devops,15,19.0,4.0,10.0,208.0,16.346153846153847,gitlab ci,10.0
836,11,jenkins,cloud_devops,20,15.0,19.0,4.0,218.0,24.31192660550459,gitlab ci,11.0
972,12,jenkins,cloud_devops,12,20.0,15.0,19.0,220.0,15.909090909090908,gitlab ci,8.0
1108,13,jenkins,cloud_devops,12,12.0,20.0,15.0,193.0,25.38860103626943,gitlab ci,8.0
1244,14,jenkins,cloud_devops,15,12.0,12.0,20.0,167.0,20.35928143712575,gitlab ci,6.0
1380,15,jenkins,cloud_devops,15,15.0,12.0,12.0,186.0,20.43010752688172,gitlab ci,9.0
204,6,jest,framework,4,1.0,,,55.0,27.27272727272727,,0.0
340,7,jest,framework,5,4.0,1.0,,67.0,25.37313432835821,,0.0
476,8,jest,framework,0,5.0,4.0,1.0,100.0,18.0,,0.0
612,9,jest,framework,1,0.0,5.0,4.0,58.0,15.517241379310345,,0.0
748,10,jest,framework,4,1.0,0.0,5.0,208.0,16.346153846153847,,0.0
884,11,jest,framework,1,4.0,1.0,0.0,218.0,24.31192660550459,,0.0
1020,12,jest,framework,3,1.0,4.0,1.0,220.0,15.909090909090908,,0.0
1156,13,jest,framework,2,3.0,1.0,4.0,193.0,25.38860103626943,,0.0
1292,14,jest,framework,3,2.0,3.0,1.0,167.0,20.35928143712575,,0.0
1428,15,jest,framework,2,3.0,2.0,3.0,186.0,20.43010752688172,,0.0
245,6,jira,platform,8,10.0,,,55.0,27.27272727272727,,0.0
381,7,jira,platform,14,8.0,10.0,,67.0,25.37313432835821,,0.0
517,8,jira,platform,5,14.0,8.0,10.0,100.0,18.0,,0.0
653,9,jira,platform,19,5.0,14.0,8.0,58.0,15.517241379310345,,0.0
789,10,jira,platform,24,19.0,5.0,14.0,208.0,16.346153846153847,,0.0
925,11,jira,platform,31,24.0,19.0,5.0,218.0,24.31192660550459,,0.0
1061,12,jira,platform,22,31.0,24.0,19.0,220.0,15.909090909090908,,0.0
1197,13,jira,platform,19,22.0,31.0,24.0,193.0,25.38860103626943,,0.0
1333,14,jira,platform,13,19.0,22.0,31.0,167.0,20.35928143712575,,0.0
1469,15,jira,platform,40,13.0,19.0,22.0,186.0,20.43010752688172,,0.0
205,6,jmeter,framework,1,1.0,,,55.0,27.27272727272727,,0.0
341,7,jmeter,framework,1,1.0,1.0,,67.0,25.37313432835821,,0.0
477,8,jmeter,framework,3,1.0,1.0,1.0,100.0,18.0,,0.0
613,9,jmeter,framework,4,3.0,1.0,1.0,58.0,15.517241379310345,,0.0
749,10,jmeter,framework,4,4.0,3.0,1.0,208.0,16.346153846153847,,0.0
885,11,jmeter,framework,4,4.0,4.0,3.0,218.0,24.31192660550459,,0.0
1021,12,jmeter,framework,0,4.0,4.0,4.0,220.0,15.909090909090908,,0.0
1157,13,jmeter,framework,1,0.0,4.0,4.0,193.0,25.38860103626943,,0.0
1293,14,jmeter,framework,5,1.0,0.0,4.0,167.0,20.35928143712575,,0.0
1429,15,jmeter,framework,5,5.0,1.0,0.0,186.0,20.43010752688172,,0.0
206,6,jquery,framework,2,2.0,,,55.0,27.27272727272727,,0.0
342,7,jquery,framework,2,2.0,2.0,,67.0,25.37313432835821,,0.0
478,8,jquery,framework,0,2.0,2.0,2.0,100.0,18.0,,0.0
614,9,jquery,framework,3,0.0,2.0,2.0,58.0,15.517241379310345,,0.0
750,10,jquery,framework,11,3.0,0.0,2.0,208.0,16.346153846153847,,0.0
886,11,jquery,framework,5,11.0,3.0,0.0,218.0,24.31192660550459,,0.0
1022,12,jquery,framework,1,5.0,11.0,3.0,220.0,15.909090909090908,,0.0
1158,13,jquery,framework,4,1.0,5.0,11.0,193.0,25.38860103626943,,0.0
1294,14,jquery,framework,3,4.0,1.0,5.0,167.0,20.35928143712575,,0.0
1430,15,jquery,framework,4,3.0,4.0,1.0,186.0,20.43010752688172,,0.0
207,6,junit,framework,4,1.0,,,55.0,27.27272727272727,,0.0
343,7,junit,framework,2,4.0,1.0,,67.0,25.37313432835821,,0.0
479,8,junit,framework,0,2.0,4.0,1.0,100.0,18.0,,0.0
615,9,junit,framework,3,0.0,2.0,4.0,58.0,15.517241379310345,,0.0
751,10,junit,framework,1,3.0,0.0,2.0,208.0,16.346153846153847,,0.0
887,11,junit,framework,2,1.0,3.0,0.0,218.0,24.31192660550459,,0.0
1023,12,junit,framework,3,2.0,1.0,3.0,220.0,15.909090909090908,,0.0
1159,13,junit,framework,1,3.0,2.0,1.0,193.0,25.38860103626943,,0.0
1295,14,junit,framework,3,1.0,3.0,2.0,167.0,20.35928143712575,,0.0
1431,15,junit,framework,3,3.0,1.0,3.0,186.0,20.43010752688172,,0.0
246,6,jwt,platform,0,3.0,,,55.0,27.27272727272727,oauth,3.0
382,7,jwt,platform,3,0.0,3.0,,67.0,25.37313432835821,oauth,2.0
518,8,jwt,platform,1,3.0,0.0,3.0,100.0,18.0,oauth,7.0
654,9,jwt,platform,6,1.0,3.0,0.0,58.0,15.517241379310345,oauth,3.0
790,10,jwt,platform,15,6.0,1.0,3.0,208.0,16.346153846153847,oauth,5.0
926,11,jwt,platform,9,15.0,6.0,1.0,218.0,24.31192660550459,oauth,13.0
1062,12,jwt,platform,2,9.0,15.0,6.0,220.0,15.909090909090908,oauth,4.0
1198,13,jwt,platform,9,2.0,9.0,15.0,193.0,25.38860103626943,oauth,4.0
1334,14,jwt,platform,3,9.0,2.0,9.0,167.0,20.35928143712575,oauth,9.0
1470,15,jwt,platform,4,3.0,9.0,2.0,186.0,20.43010752688172,oauth,2.0
247,6,kafka,platform,9,6.0,,,55.0,27.27272727272727,redis,9.0
383,7,kafka,platform,10,9.0,6.0,,67.0,25.37313432835821,redis,9.0
519,8,kafka,platform,3,10.0,9.0,6.0,100.0,18.0,redis,11.0
655,9,kafka,platform,18,3.0,10.0,9.0,58.0,15.517241379310345,redis,1.0
791,10,kafka,platform,31,18.0,3.0,10.0,208.0,16.346153846153847,redis,25.0
927,11,kafka,platform,27,31.0,18.0,3.0,218.0,24.31192660550459,redis,28.0
1063,12,kafka,platform,25,27.0,31.0,18.0,220.0,15.909090909090908,redis,28.0
1199,13,kafka,platform,16,25.0,27.0,31.0,193.0,25.38860103626943,redis,19.0
1335,14,kafka,platform,18,16.0,25.0,27.0,167.0,20.35928143712575,redis,14.0
1471,15,kafka,platform,23,18.0,16.0,25.0,186.0,20.43010752688172,redis,12.0
265,6,kotlin,program_language,3,2.0,,,55.0,27.27272727272727,,0.0
401,7,kotlin,program_language,5,3.0,2.0,,67.0,25.37313432835821,,0.0
537,8,kotlin,program_language,1,5.0,3.0,2.0,100.0,18.0,,0.0
673,9,kotlin,program_language,9,1.0,5.0,3.0,58.0,15.517241379310345,,0.0
809,10,kotlin,program_language,7,9.0,1.0,5.0,208.0,16.346153846153847,,0.0
945,11,kotlin,program_language,9,7.0,9.0,1.0,218.0,24.31192660550459,,0.0
1081,12,kotlin,program_language,11,9.0,7.0,9.0,220.0,15.909090909090908,,0.0
1217,13,kotlin,program_language,7,11.0,9.0,7.0,193.0,25.38860103626943,,0.0
1353,14,kotlin,program_language,4,7.0,11.0,9.0,167.0,20.35928143712575,,0.0
1489,15,kotlin,program_language,13,4.0,7.0,11.0,186.0,20.43010752688172,,0.0
157,6,kubernetes,cloud_devops,9,6.0,,,55.0,27.27272727272727,ansible,2.0
293,7,kubernetes,cloud_devops,21,9.0,6.0,,67.0,25.37313432835821,ansible,3.0
429,8,kubernetes,cloud_devops,8,21.0,9.0,6.0,100.0,18.0,ansible,2.0
565,9,kubernetes,cloud_devops,42,8.0,21.0,9.0,58.0,15.517241379310345,ansible,2.0
701,10,kubernetes,cloud_devops,30,42.0,8.0,21.0,208.0,16.346153846153847,ansible,7.0
837,11,kubernetes,cloud_devops,31,30.0,42.0,8.0,218.0,24.31192660550459,ansible,3.0
973,12,kubernetes,cloud_devops,37,31.0,30.0,42.0,220.0,15.909090909090908,ansible,10.0
1109,13,kubernetes,cloud_devops,24,37.0,31.0,30.0,193.0,25.38860103626943,ansible,7.0
1245,14,kubernetes,cloud_devops,31,24.0,37.0,31.0,167.0,20.35928143712575,ansible,7.0
1381,15,kubernetes,cloud_devops,34,31.0,24.0,37.0,186.0,20.43010752688172,ansible,13.0
208,6,langchain,framework,3,2.0,,,55.0,27.27272727272727,,0.0
344,7,langchain,framework,2,3.0,2.0,,67.0,25.37313432835821,,0.0
480,8,langchain,framework,1,2.0,3.0,2.0,100.0,18.0,,0.0
616,9,langchain,framework,6,1.0,2.0,3.0,58.0,15.517241379310345,,0.0
752,10,langchain,framework,6,6.0,1.0,2.0,208.0,16.346153846153847,,0.0
888,11,langchain,framework,5,6.0,6.0,1.0,218.0,24.31192660550459,,0.0
1024,12,langchain,framework,6,5.0,6.0,6.0,220.0,15.909090909090908,,0.0
1160,13,langchain,framework,4,6.0,5.0,6.0,193.0,25.38860103626943,,0.0
1296,14,langchain,framework,5,4.0,6.0,5.0,167.0,20.35928143712575,,0.0
1432,15,langchain,framework,3,5.0,4.0,6.0,186.0,20.43010752688172,,0.0
209,6,langgraph,framework,0,1.0,,,55.0,27.27272727272727,,0.0
345,7,langgraph,framework,0,0.0,1.0,,67.0,25.37313432835821,,0.0
481,8,langgraph,framework,0,0.0,0.0,1.0,100.0,18.0,,0.0
617,9,langgraph,framework,1,0.0,0.0,0.0,58.0,15.517241379310345,,0.0
753,10,langgraph,framework,1,1.0,0.0,0.0,208.0,16.346153846153847,,0.0
889,11,langgraph,framework,2,1.0,1.0,0.0,218.0,24.31192660550459,,0.0
1025,12,langgraph,framework,3,2.0,1.0,1.0,220.0,15.909090909090908,,0.0
1161,13,langgraph,framework,1,3.0,2.0,1.0,193.0,25.38860103626943,,0.0
1297,14,langgraph,framework,2,1.0,3.0,2.0,167.0,20.35928143712575,,0.0
1433,15,langgraph,framework,1,2.0,1.0,3.0,186.0,20.43010752688172,,0.0
210,6,laravel,framework,0,3.0,,,55.0,27.27272727272727,php,3.0
346,7,laravel,framework,2,0.0,3.0,,67.0,25.37313432835821,php,2.0
482,8,laravel,framework,1,2.0,0.0,3.0,100.0,18.0,php,5.0
618,9,laravel,framework,7,1.0,2.0,0.0,58.0,15.517241379310345,php,6.0
754,10,laravel,framework,8,7.0,1.0,2.0,208.0,16.346153846153847,php,10.0
890,11,laravel,framework,1,8.0,7.0,1.0,218.0,24.31192660550459,php,17.0
1026,12,laravel,framework,4,1.0,8.0,7.0,220.0,15.909090909090908,php,11.0
1162,13,laravel,framework,0,4.0,1.0,8.0,193.0,25.38860103626943,php,7.0
1298,14,laravel,framework,4,0.0,4.0,1.0,167.0,20.35928143712575,php,3.0
1434,15,laravel,framework,3,4.0,0.0,4.0,186.0,20.43010752688172,php,9.0
211,6,linq,framework,0,0.0,,,55.0,27.27272727272727,,0.0
347,7,linq,framework,3,0.0,0.0,,67.0,25.37313432835821,,0.0
483,8,linq,framework,0,3.0,0.0,0.0,100.0,18.0,,0.0
619,9,linq,framework,2,0.0,3.0,0.0,58.0,15.517241379310345,,0.0
755,10,linq,framework,1,2.0,0.0,3.0,208.0,16.346153846153847,,0.0
891,11,linq,framework,1,1.0,2.0,0.0,218.0,24.31192660550459,,0.0
1027,12,linq,framework,1,1.0,1.0,2.0,220.0,15.909090909090908,,0.0
1163,13,linq,framework,3,1.0,1.0,1.0,193.0,25.38860103626943,,0.0
1299,14,linq,framework,1,3.0,1.0,1.0,167.0,20.35928143712575,,0.0
1435,15,linq,framework,0,1.0,3.0,1.0,186.0,20.43010752688172,,0.0
248,6,linux,platform,9,6.0,,,55.0,27.27272727272727,windows,5.0
384,7,linux,platform,10,9.0,6.0,,67.0,25.37313432835821,windows,3.0
520,8,linux,platform,12,10.0,9.0,6.0,100.0,18.0,windows,5.0
656,9,linux,platform,22,12.0,10.0,9.0,58.0,15.517241379310345,windows,4.0
792,10,linux,platform,21,22.0,12.0,10.0,208.0,16.346153846153847,windows,12.0
928,11,linux,platform,22,21.0,22.0,12.0,218.0,24.31192660550459,windows,8.0
1064,12,linux,platform,24,22.0,21.0,22.0,220.0,15.909090909090908,windows,11.0
1200,13,linux,platform,20,24.0,22.0,21.0,193.0,25.38860103626943,windows,9.0
1336,14,linux,platform,23,20.0,24.0,22.0,167.0,20.35928143712575,windows,14.0
1472,15,linux,platform,29,23.0,20.0,24.0,186.0,20.43010752688172,windows,10.0
212,6,llamaindex,framework,3,1.0,,,55.0,27.27272727272727,,0.0
348,7,llamaindex,framework,2,3.0,1.0,,67.0,25.37313432835821,,0.0
484,8,llamaindex,framework,1,2.0,3.0,1.0,100.0,18.0,,0.0
620,9,llamaindex,framework,3,1.0,2.0,3.0,58.0,15.517241379310345,,0.0
756,10,llamaindex,framework,1,3.0,1.0,2.0,208.0,16.346153846153847,,0.0
892,11,llamaindex,framework,2,1.0,3.0,1.0,218.0,24.31192660550459,,0.0
1028,12,llamaindex,framework,3,2.0,1.0,3.0,220.0,15.909090909090908,,0.0
1164,13,llamaindex,framework,3,3.0,2.0,1.0,193.0,25.38860103626943,,0.0
1300,14,llamaindex,framework,2,3.0,3.0,2.0,167.0,20.35928143712575,,0.0
1436,15,llamaindex,framework,0,2.0,3.0,3.0,186.0,20.43010752688172,,0.0
177,6,mariadb,database,1,2.0,,,55.0,27.27272727272727,,0.0
313,7,mariadb,database,0,1.0,2.0,,67.0,25.37313432835821,,0.0
449,8,mariadb,database,0,0.0,1.0,2.0,100.0,18.0,,0.0
585,9,mariadb,database,1,0.0,0.0,1.0,58.0,15.517241379310345,,0.0
721,10,mariadb,database,7,1.0,0.0,0.0,208.0,16.346153846153847,,0.0
857,11,mariadb,database,3,7.0,1.0,0.0,218.0,24.31192660550459,,0.0
993,12,mariadb,database,0,3.0,7.0,1.0,220.0,15.909090909090908,,0.0
1129,13,mariadb,database,3,0.0,3.0,7.0,193.0,25.38860103626943,,0.0
1265,14,mariadb,database,1,3.0,0.0,3.0,167.0,20.35928143712575,,0.0
1401,15,mariadb,database,6,1.0,3.0,0.0,186.0,20.43010752688172,,0.0
213,6,mlflow,framework,1,0.0,,,55.0,27.27272727272727,,0.0
349,7,mlflow,framework,1,1.0,0.0,,67.0,25.37313432835821,,0.0
485,8,mlflow,framework,1,1.0,1.0,0.0,100.0,18.0,,0.0
621,9,mlflow,framework,1,1.0,1.0,1.0,58.0,15.517241379310345,,0.0
757,10,mlflow,framework,2,1.0,1.0,1.0,208.0,16.346153846153847,,0.0
893,11,mlflow,framework,2,2.0,1.0,1.0,218.0,24.31192660550459,,0.0
1029,12,mlflow,framework,4,2.0,2.0,1.0,220.0,15.909090909090908,,0.0
1165,13,mlflow,framework,2,4.0,2.0,2.0,193.0,25.38860103626943,,0.0
1301,14,mlflow,framework,5,2.0,4.0,2.0,167.0,20.35928143712575,,0.0
1437,15,mlflow,framework,3,5.0,2.0,4.0,186.0,20.43010752688172,,0.0
158,6,mlops,cloud_devops,3,0.0,,,55.0,27.27272727272727,,0.0
294,7,mlops,cloud_devops,3,3.0,0.0,,67.0,25.37313432835821,,0.0
430,8,mlops,cloud_devops,1,3.0,3.0,0.0,100.0,18.0,,0.0
566,9,mlops,cloud_devops,3,1.0,3.0,3.0,58.0,15.517241379310345,,0.0
702,10,mlops,cloud_devops,7,3.0,1.0,3.0,208.0,16.346153846153847,,0.0
838,11,mlops,cloud_devops,9,7.0,3.0,1.0,218.0,24.31192660550459,,0.0
974,12,mlops,cloud_devops,5,9.0,7.0,3.0,220.0,15.909090909090908,,0.0
1110,13,mlops,cloud_devops,6,5.0,9.0,7.0,193.0,25.38860103626943,,0.0
1246,14,mlops,cloud_devops,7,6.0,5.0,9.0,167.0,20.35928143712575,,0.0
1382,15,mlops,cloud_devops,11,7.0,6.0,5.0,186.0,20.43010752688172,,0.0
214,6,mocha,framework,1,1.0,,,55.0,27.27272727272727,,0.0
350,7,mocha,framework,0,1.0,1.0,,67.0,25.37313432835821,,0.0
486,8,mocha,framework,1,0.0,1.0,1.0,100.0,18.0,,0.0
622,9,mocha,framework,0,1.0,0.0,1.0,58.0,15.517241379310345,,0.0
758,10,mocha,framework,2,0.0,1.0,0.0,208.0,16.346153846153847,,0.0
894,11,mocha,framework,0,2.0,0.0,1.0,218.0,24.31192660550459,,0.0
1030,12,mocha,framework,0,0.0,2.0,0.0,220.0,15.909090909090908,,0.0
1166,13,mocha,framework,1,0.0,0.0,2.0,193.0,25.38860103626943,,0.0
1302,14,mocha,framework,2,1.0,0.0,0.0,167.0,20.35928143712575,,0.0
1438,15,mocha,framework,1,2.0,1.0,0.0,186.0,20.43010752688172,,0.0
178,6,mongodb,database,8,5.0,,,55.0,27.27272727272727,redis,9.0
314,7,mongodb,database,12,8.0,5.0,,67.0,25.37313432835821,redis,9.0
450,8,mongodb,database,4,12.0,8.0,5.0,100.0,18.0,redis,11.0
586,9,mongodb,database,24,4.0,12.0,8.0,58.0,15.517241379310345,redis,1.0
722,10,mongodb,database,14,24.0,4.0,12.0,208.0,16.346153846153847,redis,25.0
858,11,mongodb,database,24,14.0,24.0,4.0,218.0,24.31192660550459,redis,28.0
994,12,mongodb,database,24,24.0,14.0,24.0,220.0,15.909090909090908,redis,28.0
1130,13,mongodb,database,18,24.0,24.0,14.0,193.0,25.38860103626943,redis,19.0
1266,14,mongodb,database,14,18.0,24.0,24.0,167.0,20.35928143712575,redis,14.0
1402,15,mongodb,database,19,14.0,18.0,24.0,186.0,20.43010752688172,redis,12.0
179,6,mysql,database,6,15.0,,,55.0,27.27272727272727,php,3.0
315,7,mysql,database,9,6.0,15.0,,67.0,25.37313432835821,php,2.0
451,8,mysql,database,5,9.0,6.0,15.0,100.0,18.0,php,5.0
587,9,mysql,database,36,5.0,9.0,6.0,58.0,15.517241379310345,php,6.0
723,10,mysql,database,32,36.0,5.0,9.0,208.0,16.346153846153847,php,10.0
859,11,mysql,database,42,32.0,36.0,5.0,218.0,24.31192660550459,php,17.0
995,12,mysql,database,27,42.0,32.0,36.0,220.0,15.909090909090908,php,11.0
1131,13,mysql,database,23,27.0,42.0,32.0,193.0,25.38860103626943,php,7.0
1267,14,mysql,database,23,23.0,27.0,42.0,167.0,20.35928143712575,php,3.0
1403,15,mysql,database,33,23.0,23.0,27.0,186.0,20.43010752688172,php,9.0
215,6,nestjs,framework,2,4.0,,,55.0,27.27272727272727,,0.0
351,7,nestjs,framework,5,2.0,4.0,,67.0,25.37313432835821,,0.0
487,8,nestjs,framework,1,5.0,2.0,4.0,100.0,18.0,,0.0
623,9,nestjs,framework,6,1.0,5.0,2.0,58.0,15.517241379310345,,0.0
759,10,nestjs,framework,6,6.0,1.0,5.0,208.0,16.346153846153847,,0.0
895,11,nestjs,framework,1,6.0,6.0,1.0,218.0,24.31192660550459,,0.0
1031,12,nestjs,framework,7,1.0,6.0,6.0,220.0,15.909090909090908,,0.0
1167,13,nestjs,framework,5,7.0,1.0,6.0,193.0,25.38860103626943,,0.0
1303,14,nestjs,framework,2,5.0,7.0,1.0,167.0,20.35928143712575,,0.0
1439,15,nestjs,framework,4,2.0,5.0,7.0,186.0,20.43010752688172,,0.0
216,6,next.js,framework,3,3.0,,,55.0,27.27272727272727,typescript,7.0
352,7,next.js,framework,7,3.0,3.0,,67.0,25.37313432835821,typescript,6.0
488,8,next.js,framework,1,7.0,3.0,3.0,100.0,18.0,typescript,20.0
624,9,next.js,framework,8,1.0,7.0,3.0,58.0,15.517241379310345,typescript,7.0
760,10,next.js,framework,14,8.0,1.0,7.0,208.0,16.346153846153847,typescript,30.0
896,11,next.js,framework,3,14.0,8.0,1.0,218.0,24.31192660550459,typescript,29.0
1032,12,next.js,framework,10,3.0,14.0,8.0,220.0,15.909090909090908,typescript,25.0
1168,13,next.js,framework,4,10.0,3.0,14.0,193.0,25.38860103626943,typescript,25.0
1304,14,next.js,framework,4,4.0,10.0,3.0,167.0,20.35928143712575,typescript,15.0
1440,15,next.js,framework,6,4.0,4.0,10.0,186.0,20.43010752688172,typescript,19.0
159,6,nginx,cloud_devops,2,1.0,,,55.0,27.27272727272727,,0.0
295,7,nginx,cloud_devops,1,2.0,1.0,,67.0,25.37313432835821,,0.0
431,8,nginx,cloud_devops,3,1.0,2.0,1.0,100.0,18.0,,0.0
567,9,nginx,cloud_devops,5,3.0,1.0,2.0,58.0,15.517241379310345,,0.0
703,10,nginx,cloud_devops,4,5.0,3.0,1.0,208.0,16.346153846153847,,0.0
839,11,nginx,cloud_devops,3,4.0,5.0,3.0,218.0,24.31192660550459,,0.0
975,12,nginx,cloud_devops,2,3.0,4.0,5.0,220.0,15.909090909090908,,0.0
1111,13,nginx,cloud_devops,6,2.0,3.0,4.0,193.0,25.38860103626943,,0.0
1247,14,nginx,cloud_devops,5,6.0,2.0,3.0,167.0,20.35928143712575,,0.0
1383,15,nginx,cloud_devops,4,5.0,6.0,2.0,186.0,20.43010752688172,,0.0
217,6,node.js,framework,9,10.0,,,55.0,27.27272727272727,redis,9.0
353,7,node.js,framework,9,9.0,10.0,,67.0,25.37313432835821,redis,9.0
489,8,node.js,framework,2,9.0,9.0,10.0,100.0,18.0,redis,11.0
625,9,node.js,framework,15,2.0,9.0,9.0,58.0,15.517241379310345,redis,1.0
761,10,node.js,framework,10,15.0,2.0,9.0,208.0,16.346153846153847,redis,25.0
897,11,node.js,framework,5,10.0,15.0,2.0,218.0,24.31192660550459,redis,28.0
1033,12,node.js,framework,7,5.0,10.0,15.0,220.0,15.909090909090908,redis,28.0
1169,13,node.js,framework,9,7.0,5.0,10.0,193.0,25.38860103626943,redis,19.0
1305,14,node.js,framework,9,9.0,7.0,5.0,167.0,20.35928143712575,redis,14.0
1441,15,node.js,framework,15,9.0,9.0,7.0,186.0,20.43010752688172,redis,12.0
218,6,nuxt,framework,0,0.0,,,55.0,27.27272727272727,,0.0
354,7,nuxt,framework,2,0.0,0.0,,67.0,25.37313432835821,,0.0
490,8,nuxt,framework,1,2.0,0.0,0.0,100.0,18.0,,0.0
626,9,nuxt,framework,1,1.0,2.0,0.0,58.0,15.517241379310345,,0.0
762,10,nuxt,framework,3,1.0,1.0,2.0,208.0,16.346153846153847,,0.0
898,11,nuxt,framework,0,3.0,1.0,1.0,218.0,24.31192660550459,,0.0
1034,12,nuxt,framework,2,0.0,3.0,1.0,220.0,15.909090909090908,,0.0
1170,13,nuxt,framework,3,2.0,0.0,3.0,193.0,25.38860103626943,,0.0
1306,14,nuxt,framework,1,3.0,2.0,0.0,167.0,20.35928143712575,,0.0
1442,15,nuxt,framework,2,1.0,3.0,2.0,186.0,20.43010752688172,,0.0
249,6,oauth,platform,2,3.0,,,55.0,27.27272727272727,jwt,3.0
385,7,oauth,platform,7,2.0,3.0,,67.0,25.37313432835821,jwt,0.0
521,8,oauth,platform,3,7.0,2.0,3.0,100.0,18.0,jwt,3.0
657,9,oauth,platform,5,3.0,7.0,2.0,58.0,15.517241379310345,jwt,1.0
793,10,oauth,platform,13,5.0,3.0,7.0,208.0,16.346153846153847,jwt,6.0
929,11,oauth,platform,4,13.0,5.0,3.0,218.0,24.31192660550459,jwt,15.0
1065,12,oauth,platform,4,4.0,13.0,5.0,220.0,15.909090909090908,jwt,9.0
1201,13,oauth,platform,9,4.0,4.0,13.0,193.0,25.38860103626943,jwt,2.0
1337,14,oauth,platform,2,9.0,4.0,4.0,167.0,20.35928143712575,jwt,9.0
1473,15,oauth,platform,7,2.0,9.0,4.0,186.0,20.43010752688172,jwt,3.0
84,5,odoo,framework,1,1.0,,,55.0,27.27272727272727,,0.0
114,5,odoo,platform,1,1.0,1.0,,55.0,27.27272727272727,,0.0
115,5,odoo,platform,1,1.0,1.0,1.0,55.0,27.27272727272727,,0.0
219,6,odoo,framework,1,1.0,1.0,1.0,55.0,27.27272727272727,,0.0
220,6,odoo,framework,1,1.0,1.0,1.0,67.0,25.37313432835821,,0.0
250,6,odoo,platform,1,1.0,1.0,1.0,67.0,25.37313432835821,,0.0
251,6,odoo,platform,1,1.0,1.0,1.0,67.0,25.37313432835821,,0.0
355,7,odoo,framework,1,1.0,1.0,1.0,67.0,25.37313432835821,,0.0
356,7,odoo,framework,1,1.0,1.0,1.0,100.0,18.0,,0.0
386,7,odoo,platform,1,1.0,1.0,1.0,100.0,18.0,,0.0
387,7,odoo,platform,1,1.0,1.0,1.0,100.0,18.0,,0.0
491,8,odoo,framework,0,1.0,1.0,1.0,100.0,18.0,,0.0
492,8,odoo,framework,0,0.0,1.0,1.0,58.0,15.517241379310345,,0.0
522,8,odoo,platform,0,0.0,0.0,1.0,58.0,15.517241379310345,,0.0
523,8,odoo,platform,0,0.0,0.0,0.0,58.0,15.517241379310345,,0.0
627,9,odoo,framework,3,0.0,0.0,0.0,58.0,15.517241379310345,,0.0
628,9,odoo,framework,3,3.0,0.0,0.0,208.0,16.346153846153847,,0.0
658,9,odoo,platform,3,3.0,3.0,0.0,208.0,16.346153846153847,,0.0
659,9,odoo,platform,3,3.0,3.0,3.0,208.0,16.346153846153847,,0.0
763,10,odoo,framework,4,3.0,3.0,3.0,208.0,16.346153846153847,,0.0
764,10,odoo,framework,4,4.0,3.0,3.0,218.0,24.31192660550459,,0.0
794,10,odoo,platform,4,4.0,4.0,3.0,218.0,24.31192660550459,,0.0
795,10,odoo,platform,4,4.0,4.0,4.0,218.0,24.31192660550459,,0.0
899,11,odoo,framework,0,4.0,4.0,4.0,218.0,24.31192660550459,,0.0
900,11,odoo,framework,0,0.0,4.0,4.0,220.0,15.909090909090908,,0.0
930,11,odoo,platform,0,0.0,0.0,4.0,220.0,15.909090909090908,,0.0
931,11,odoo,platform,0,0.0,0.0,0.0,220.0,15.909090909090908,,0.0
1035,12,odoo,framework,1,0.0,0.0,0.0,220.0,15.909090909090908,,0.0
1036,12,odoo,framework,1,1.0,0.0,0.0,193.0,25.38860103626943,,0.0
1066,12,odoo,platform,1,1.0,1.0,0.0,193.0,25.38860103626943,,0.0
1067,12,odoo,platform,1,1.0,1.0,1.0,193.0,25.38860103626943,,0.0
1171,13,odoo,framework,1,1.0,1.0,1.0,193.0,25.38860103626943,,0.0
1172,13,odoo,framework,1,1.0,1.0,1.0,167.0,20.35928143712575,,0.0
1202,13,odoo,platform,1,1.0,1.0,1.0,167.0,20.35928143712575,,0.0
1203,13,odoo,platform,1,1.0,1.0,1.0,167.0,20.35928143712575,,0.0
1307,14,odoo,framework,1,1.0,1.0,1.0,167.0,20.35928143712575,,0.0
1308,14,odoo,framework,1,1.0,1.0,1.0,186.0,20.43010752688172,,0.0
1338,14,odoo,platform,1,1.0,1.0,1.0,186.0,20.43010752688172,,0.0
1339,14,odoo,platform,1,1.0,1.0,1.0,186.0,20.43010752688172,,0.0
1443,15,odoo,framework,1,1.0,1.0,1.0,186.0,20.43010752688172,,0.0
1444,15,odoo,framework,1,1.0,1.0,1.0,263.0,20.912547528517113,,0.0
1474,15,odoo,platform,1,1.0,1.0,1.0,263.0,20.912547528517113,,0.0
1475,15,odoo,platform,1,1.0,1.0,1.0,263.0,20.912547528517113,,0.0
252,6,openai,platform,2,0.0,,,55.0,27.27272727272727,,0.0
388,7,openai,platform,2,2.0,0.0,,67.0,25.37313432835821,,0.0
524,8,openai,platform,0,2.0,2.0,0.0,100.0,18.0,,0.0
660,9,openai,platform,4,0.0,2.0,2.0,58.0,15.517241379310345,,0.0
796,10,openai,platform,3,4.0,0.0,2.0,208.0,16.346153846153847,,0.0
932,11,openai,platform,3,3.0,4.0,0.0,218.0,24.31192660550459,,0.0
1068,12,openai,platform,4,3.0,3.0,4.0,220.0,15.909090909090908,,0.0
1204,13,openai,platform,7,4.0,3.0,3.0,193.0,25.38860103626943,,0.0
1340,14,openai,platform,2,7.0,4.0,3.0,167.0,20.35928143712575,,0.0
1476,15,openai,platform,8,2.0,7.0,4.0,186.0,20.43010752688172,,0.0
160,6,openshift,cloud_devops,0,0.0,,,55.0,27.27272727272727,,0.0
296,7,openshift,cloud_devops,1,0.0,0.0,,67.0,25.37313432835821,,0.0
432,8,openshift,cloud_devops,0,1.0,0.0,0.0,100.0,18.0,,0.0
568,9,openshift,cloud_devops,1,0.0,1.0,0.0,58.0,15.517241379310345,,0.0
704,10,openshift,cloud_devops,1,1.0,0.0,1.0,208.0,16.346153846153847,,0.0
840,11,openshift,cloud_devops,1,1.0,1.0,0.0,218.0,24.31192660550459,,0.0
976,12,openshift,cloud_devops,1,1.0,1.0,1.0,220.0,15.909090909090908,,0.0
1112,13,openshift,cloud_devops,2,1.0,1.0,1.0,193.0,25.38860103626943,,0.0
1248,14,openshift,cloud_devops,1,2.0,1.0,1.0,167.0,20.35928143712575,,0.0
1384,15,openshift,cloud_devops,1,1.0,2.0,1.0,186.0,20.43010752688172,,0.0
161,6,opentelemetry,cloud_devops,1,1.0,,,55.0,27.27272727272727,,0.0
297,7,opentelemetry,cloud_devops,0,1.0,1.0,,67.0,25.37313432835821,,0.0
433,8,opentelemetry,cloud_devops,0,0.0,1.0,1.0,100.0,18.0,,0.0
569,9,opentelemetry,cloud_devops,1,0.0,0.0,1.0,58.0,15.517241379310345,,0.0
705,10,opentelemetry,cloud_devops,0,1.0,0.0,0.0,208.0,16.346153846153847,,0.0
841,11,opentelemetry,cloud_devops,1,0.0,1.0,0.0,218.0,24.31192660550459,,0.0
977,12,opentelemetry,cloud_devops,2,1.0,0.0,1.0,220.0,15.909090909090908,,0.0
1113,13,opentelemetry,cloud_devops,1,2.0,1.0,0.0,193.0,25.38860103626943,,0.0
1249,14,opentelemetry,cloud_devops,3,1.0,2.0,1.0,167.0,20.35928143712575,,0.0
1385,15,opentelemetry,cloud_devops,2,3.0,1.0,2.0,186.0,20.43010752688172,,0.0
180,6,oracle,database,5,5.0,,,55.0,27.27272727272727,sql server,9.0
316,7,oracle,database,5,5.0,5.0,,67.0,25.37313432835821,sql server,6.0
452,8,oracle,database,5,5.0,5.0,5.0,100.0,18.0,sql server,7.0
588,9,oracle,database,15,5.0,5.0,5.0,58.0,15.517241379310345,sql server,3.0
724,10,oracle,database,11,15.0,5.0,5.0,208.0,16.346153846153847,sql server,19.0
860,11,oracle,database,22,11.0,15.0,5.0,218.0,24.31192660550459,sql server,16.0
996,12,oracle,database,15,22.0,11.0,15.0,220.0,15.909090909090908,sql server,28.0
1132,13,oracle,database,15,15.0,22.0,11.0,193.0,25.38860103626943,sql server,18.0
1268,14,oracle,database,16,15.0,15.0,22.0,167.0,20.35928143712575,sql server,21.0
1404,15,oracle,database,21,16.0,15.0,15.0,186.0,20.43010752688172,sql server,19.0
162,6,others_cloud_devops,cloud_devops,1,1.0,,,55.0,27.27272727272727,,0.0
298,7,others_cloud_devops,cloud_devops,1,1.0,1.0,,67.0,25.37313432835821,,0.0
434,8,others_cloud_devops,cloud_devops,1,1.0,1.0,1.0,100.0,18.0,,0.0
570,9,others_cloud_devops,cloud_devops,3,1.0,1.0,1.0,58.0,15.517241379310345,,0.0
706,10,others_cloud_devops,cloud_devops,4,3.0,1.0,1.0,208.0,16.346153846153847,,0.0
842,11,others_cloud_devops,cloud_devops,3,4.0,3.0,1.0,218.0,24.31192660550459,,0.0
978,12,others_cloud_devops,cloud_devops,3,3.0,4.0,3.0,220.0,15.909090909090908,,0.0
1114,13,others_cloud_devops,cloud_devops,1,3.0,3.0,4.0,193.0,25.38860103626943,,0.0
1250,14,others_cloud_devops,cloud_devops,2,1.0,3.0,3.0,167.0,20.35928143712575,,0.0
1386,15,others_cloud_devops,cloud_devops,1,2.0,1.0,3.0,186.0,20.43010752688172,,0.0
181,6,others_database,database,0,1.0,,,55.0,27.27272727272727,,0.0
317,7,others_database,database,1,0.0,1.0,,67.0,25.37313432835821,,0.0
453,8,others_database,database,0,1.0,0.0,1.0,100.0,18.0,,0.0
589,9,others_database,database,2,0.0,1.0,0.0,58.0,15.517241379310345,,0.0
725,10,others_database,database,4,2.0,0.0,1.0,208.0,16.346153846153847,,0.0
861,11,others_database,database,3,4.0,2.0,0.0,218.0,24.31192660550459,,0.0
997,12,others_database,database,7,3.0,4.0,2.0,220.0,15.909090909090908,,0.0
1133,13,others_database,database,2,7.0,3.0,4.0,193.0,25.38860103626943,,0.0
1269,14,others_database,database,1,2.0,7.0,3.0,167.0,20.35928143712575,,0.0
1405,15,others_database,database,8,1.0,2.0,7.0,186.0,20.43010752688172,,0.0
221,6,others_framework,framework,1,6.0,,,55.0,27.27272727272727,,0.0
357,7,others_framework,framework,4,1.0,6.0,,67.0,25.37313432835821,,0.0
493,8,others_framework,framework,3,4.0,1.0,6.0,100.0,18.0,,0.0
629,9,others_framework,framework,12,3.0,4.0,1.0,58.0,15.517241379310345,,0.0
765,10,others_framework,framework,9,12.0,3.0,4.0,208.0,16.346153846153847,,0.0
901,11,others_framework,framework,13,9.0,12.0,3.0,218.0,24.31192660550459,,0.0
1037,12,others_framework,framework,9,13.0,9.0,12.0,220.0,15.909090909090908,,0.0
1173,13,others_framework,framework,5,9.0,13.0,9.0,193.0,25.38860103626943,,0.0
1309,14,others_framework,framework,11,5.0,9.0,13.0,167.0,20.35928143712575,,0.0
1445,15,others_framework,framework,6,11.0,5.0,9.0,186.0,20.43010752688172,,0.0
253,6,others_platform,platform,0,0.0,,,55.0,27.27272727272727,,0.0
389,7,others_platform,platform,2,0.0,0.0,,67.0,25.37313432835821,,0.0
525,8,others_platform,platform,1,2.0,0.0,0.0,100.0,18.0,,0.0
661,9,others_platform,platform,3,1.0,2.0,0.0,58.0,15.517241379310345,,0.0
797,10,others_platform,platform,3,3.0,1.0,2.0,208.0,16.346153846153847,,0.0
933,11,others_platform,platform,5,3.0,3.0,1.0,218.0,24.31192660550459,,0.0
1069,12,others_platform,platform,1,5.0,3.0,3.0,220.0,15.909090909090908,,0.0
1205,13,others_platform,platform,6,1.0,5.0,3.0,193.0,25.38860103626943,,0.0
1341,14,others_platform,platform,2,6.0,1.0,5.0,167.0,20.35928143712575,,0.0
1477,15,others_platform,platform,8,2.0,6.0,1.0,186.0,20.43010752688172,,0.0
266,6,php,program_language,2,3.0,,,55.0,27.27272727272727,laravel,3.0
402,7,php,program_language,5,2.0,3.0,,67.0,25.37313432835821,laravel,0.0
538,8,php,program_language,6,5.0,2.0,3.0,100.0,18.0,laravel,2.0
674,9,php,program_language,10,6.0,5.0,2.0,58.0,15.517241379310345,laravel,1.0
810,10,php,program_language,17,10.0,6.0,5.0,208.0,16.346153846153847,laravel,7.0
946,11,php,program_language,11,17.0,10.0,6.0,218.0,24.31192660550459,laravel,8.0
1082,12,php,program_language,7,11.0,17.0,10.0,220.0,15.909090909090908,laravel,1.0
1218,13,php,program_language,3,7.0,11.0,17.0,193.0,25.38860103626943,laravel,4.0
1354,14,php,program_language,9,3.0,7.0,11.0,167.0,20.35928143712575,laravel,0.0
1490,15,php,program_language,12,9.0,3.0,7.0,186.0,20.43010752688172,laravel,4.0
222,6,playwright,framework,2,4.0,,,55.0,27.27272727272727,selenium,3.0
358,7,playwright,framework,4,2.0,4.0,,67.0,25.37313432835821,selenium,3.0
494,8,playwright,framework,2,4.0,2.0,4.0,100.0,18.0,selenium,6.0
630,9,playwright,framework,5,2.0,4.0,2.0,58.0,15.517241379310345,selenium,2.0
766,10,playwright,framework,10,5.0,2.0,4.0,208.0,16.346153846153847,selenium,11.0
902,11,playwright,framework,8,10.0,5.0,2.0,218.0,24.31192660550459,selenium,8.0
1038,12,playwright,framework,2,8.0,10.0,5.0,220.0,15.909090909090908,selenium,7.0
1174,13,playwright,framework,10,2.0,8.0,10.0,193.0,25.38860103626943,selenium,4.0
1310,14,playwright,framework,7,10.0,2.0,8.0,167.0,20.35928143712575,selenium,10.0
1446,15,playwright,framework,12,7.0,10.0,2.0,186.0,20.43010752688172,selenium,11.0
182,6,postgresql,database,11,16.0,,,55.0,27.27272727272727,mongodb,5.0
318,7,postgresql,database,14,11.0,16.0,,67.0,25.37313432835821,mongodb,8.0
454,8,postgresql,database,5,14.0,11.0,16.0,100.0,18.0,mongodb,12.0
590,9,postgresql,database,44,5.0,14.0,11.0,58.0,15.517241379310345,mongodb,4.0
726,10,postgresql,database,35,44.0,5.0,14.0,208.0,16.346153846153847,mongodb,24.0
862,11,postgresql,database,33,35.0,44.0,5.0,218.0,24.31192660550459,mongodb,14.0
998,12,postgresql,database,34,33.0,35.0,44.0,220.0,15.909090909090908,mongodb,24.0
1134,13,postgresql,database,24,34.0,33.0,35.0,193.0,25.38860103626943,mongodb,24.0
1270,14,postgresql,database,32,24.0,34.0,33.0,167.0,20.35928143712575,mongodb,18.0
1406,15,postgresql,database,44,32.0,24.0,34.0,186.0,20.43010752688172,mongodb,14.0
163,6,powershell,cloud_devops,0,2.0,,,55.0,27.27272727272727,,0.0
299,7,powershell,cloud_devops,2,0.0,2.0,,67.0,25.37313432835821,,0.0
435,8,powershell,cloud_devops,3,2.0,0.0,2.0,100.0,18.0,,0.0
571,9,powershell,cloud_devops,5,3.0,2.0,0.0,58.0,15.517241379310345,,0.0
707,10,powershell,cloud_devops,4,5.0,3.0,2.0,208.0,16.346153846153847,,0.0
843,11,powershell,cloud_devops,3,4.0,5.0,3.0,218.0,24.31192660550459,,0.0
979,12,powershell,cloud_devops,3,3.0,4.0,5.0,220.0,15.909090909090908,,0.0
1115,13,powershell,cloud_devops,1,3.0,3.0,4.0,193.0,25.38860103626943,,0.0
1251,14,powershell,cloud_devops,3,1.0,3.0,3.0,167.0,20.35928143712575,,0.0
1387,15,powershell,cloud_devops,6,3.0,1.0,3.0,186.0,20.43010752688172,,0.0
267,6,python,program_language,23,20.0,,,55.0,27.27272727272727,django,1.0
403,7,python,program_language,29,23.0,20.0,,67.0,25.37313432835821,django,1.0
539,8,python,program_language,14,29.0,23.0,20.0,100.0,18.0,django,2.0
675,9,python,program_language,65,14.0,29.0,23.0,58.0,15.517241379310345,django,0.0
811,10,python,program_language,55,65.0,14.0,29.0,208.0,16.346153846153847,django,5.0
947,11,python,program_language,60,55.0,65.0,14.0,218.0,24.31192660550459,django,4.0
1083,12,python,program_language,54,60.0,55.0,65.0,220.0,15.909090909090908,django,4.0
1219,13,python,program_language,45,54.0,60.0,55.0,193.0,25.38860103626943,django,9.0
1355,14,python,program_language,48,45.0,54.0,60.0,167.0,20.35928143712575,django,2.0
1491,15,python,program_language,73,48.0,45.0,54.0,186.0,20.43010752688172,django,4.0
223,6,pytorch,framework,2,1.0,,,55.0,27.27272727272727,tensorflow,1.0
359,7,pytorch,framework,3,2.0,1.0,,67.0,25.37313432835821,tensorflow,2.0
495,8,pytorch,framework,2,3.0,2.0,1.0,100.0,18.0,tensorflow,2.0
631,9,pytorch,framework,7,2.0,3.0,2.0,58.0,15.517241379310345,tensorflow,2.0
767,10,pytorch,framework,8,7.0,2.0,3.0,208.0,16.346153846153847,tensorflow,8.0
903,11,pytorch,framework,8,8.0,7.0,2.0,218.0,24.31192660550459,tensorflow,8.0
1039,12,pytorch,framework,6,8.0,8.0,7.0,220.0,15.909090909090908,tensorflow,7.0
1175,13,pytorch,framework,5,6.0,8.0,8.0,193.0,25.38860103626943,tensorflow,6.0
1311,14,pytorch,framework,8,5.0,6.0,8.0,167.0,20.35928143712575,tensorflow,4.0
1447,15,pytorch,framework,10,8.0,5.0,6.0,186.0,20.43010752688172,tensorflow,7.0
224,6,qt,framework,3,1.0,,,55.0,27.27272727272727,,0.0
360,7,qt,framework,4,3.0,1.0,,67.0,25.37313432835821,,0.0
496,8,qt,framework,3,4.0,3.0,1.0,100.0,18.0,,0.0
632,9,qt,framework,7,3.0,4.0,3.0,58.0,15.517241379310345,,0.0
768,10,qt,framework,2,7.0,3.0,4.0,208.0,16.346153846153847,,0.0
904,11,qt,framework,4,2.0,7.0,3.0,218.0,24.31192660550459,,0.0
1040,12,qt,framework,1,4.0,2.0,7.0,220.0,15.909090909090908,,0.0
1176,13,qt,framework,3,1.0,4.0,2.0,193.0,25.38860103626943,,0.0
1312,14,qt,framework,1,3.0,1.0,4.0,167.0,20.35928143712575,,0.0
1448,15,qt,framework,2,1.0,3.0,1.0,186.0,20.43010752688172,,0.0
254,6,rag,platform,5,3.0,,,55.0,27.27272727272727,,0.0
390,7,rag,platform,2,5.0,3.0,,67.0,25.37313432835821,,0.0
526,8,rag,platform,1,2.0,5.0,3.0,100.0,18.0,,0.0
662,9,rag,platform,8,1.0,2.0,5.0,58.0,15.517241379310345,,0.0
798,10,rag,platform,4,8.0,1.0,2.0,208.0,16.346153846153847,,0.0
934,11,rag,platform,10,4.0,8.0,1.0,218.0,24.31192660550459,,0.0
1070,12,rag,platform,13,10.0,4.0,8.0,220.0,15.909090909090908,,0.0
1206,13,rag,platform,6,13.0,10.0,4.0,193.0,25.38860103626943,,0.0
1342,14,rag,platform,8,6.0,13.0,10.0,167.0,20.35928143712575,,0.0
1478,15,rag,platform,7,8.0,6.0,13.0,186.0,20.43010752688172,,0.0
225,6,react,framework,15,11.0,,,55.0,27.27272727272727,redux,1.0
361,7,react,framework,22,15.0,11.0,,67.0,25.37313432835821,redux,3.0
497,8,react,framework,10,22.0,15.0,11.0,100.0,18.0,redux,6.0
633,9,react,framework,37,10.0,22.0,15.0,58.0,15.517241379310345,redux,0.0
769,10,react,framework,51,37.0,10.0,22.0,208.0,16.346153846153847,redux,4.0
905,11,react,framework,37,51.0,37.0,10.0,218.0,24.31192660550459,redux,9.0
1041,12,react,framework,34,37.0,51.0,37.0,220.0,15.909090909090908,redux,6.0
1177,13,react,framework,27,34.0,37.0,51.0,193.0,25.38860103626943,redux,7.0
1313,14,react,framework,24,27.0,34.0,37.0,167.0,20.35928143712575,redux,3.0
1449,15,react,framework,48,24.0,27.0,34.0,186.0,20.43010752688172,redux,4.0
226,6,react native,framework,6,3.0,,,55.0,27.27272727272727,react,11.0
362,7,react native,framework,2,6.0,3.0,,67.0,25.37313432835821,react,15.0
498,8,react native,framework,1,2.0,6.0,3.0,100.0,18.0,react,22.0
634,9,react native,framework,6,1.0,2.0,6.0,58.0,15.517241379310345,react,10.0
770,10,react native,framework,7,6.0,1.0,2.0,208.0,16.346153846153847,react,37.0
906,11,react native,framework,3,7.0,6.0,1.0,218.0,24.31192660550459,react,51.0
1042,12,react native,framework,7,3.0,7.0,6.0,220.0,15.909090909090908,react,37.0
1178,13,react native,framework,4,7.0,3.0,7.0,193.0,25.38860103626943,react,34.0
1314,14,react native,framework,4,4.0,7.0,3.0,167.0,20.35928143712575,react,27.0
1450,15,react native,framework,10,4.0,4.0,7.0,186.0,20.43010752688172,react,24.0
183,6,redis,database,9,9.0,,,55.0,27.27272727272727,kafka,6.0
319,7,redis,database,11,9.0,9.0,,67.0,25.37313432835821,kafka,9.0
455,8,redis,database,1,11.0,9.0,9.0,100.0,18.0,kafka,10.0
591,9,redis,database,25,1.0,11.0,9.0,58.0,15.517241379310345,kafka,3.0
727,10,redis,database,28,25.0,1.0,11.0,208.0,16.346153846153847,kafka,18.0
863,11,redis,database,28,28.0,25.0,1.0,218.0,24.31192660550459,kafka,31.0
999,12,redis,database,19,28.0,28.0,25.0,220.0,15.909090909090908,kafka,27.0
1135,13,redis,database,14,19.0,28.0,28.0,193.0,25.38860103626943,kafka,25.0
1271,14,redis,database,12,14.0,19.0,28.0,167.0,20.35928143712575,kafka,16.0
1407,15,redis,database,24,12.0,14.0,19.0,186.0,20.43010752688172,kafka,18.0
227,6,redux,framework,3,1.0,,,55.0,27.27272727272727,css,11.0
363,7,redux,framework,6,3.0,1.0,,67.0,25.37313432835821,css,5.0
499,8,redux,framework,0,6.0,3.0,1.0,100.0,18.0,css,20.0
635,9,redux,framework,4,0.0,6.0,3.0,58.0,15.517241379310345,css,4.0
771,10,redux,framework,9,4.0,0.0,6.0,208.0,16.346153846153847,css,20.0
907,11,redux,framework,6,9.0,4.0,0.0,218.0,24.31192660550459,css,37.0
1043,12,redux,framework,7,6.0,9.0,4.0,220.0,15.909090909090908,css,30.0
1179,13,redux,framework,3,7.0,6.0,9.0,193.0,25.38860103626943,css,24.0
1315,14,redux,framework,4,3.0,7.0,6.0,167.0,20.35928143712575,css,17.0
1451,15,redux,framework,4,4.0,3.0,7.0,186.0,20.43010752688172,css,17.0
255,6,rest api,platform,3,1.0,,,55.0,27.27272727272727,,0.0
391,7,rest api,platform,6,3.0,1.0,,67.0,25.37313432835821,,0.0
527,8,rest api,platform,4,6.0,3.0,1.0,100.0,18.0,,0.0
663,9,rest api,platform,12,4.0,6.0,3.0,58.0,15.517241379310345,,0.0
799,10,rest api,platform,12,12.0,4.0,6.0,208.0,16.346153846153847,,0.0
935,11,rest api,platform,13,12.0,12.0,4.0,218.0,24.31192660550459,,0.0
1071,12,rest api,platform,14,13.0,12.0,12.0,220.0,15.909090909090908,,0.0
1207,13,rest api,platform,7,14.0,13.0,12.0,193.0,25.38860103626943,,0.0
1343,14,rest api,platform,9,7.0,14.0,13.0,167.0,20.35928143712575,,0.0
1479,15,rest api,platform,16,9.0,7.0,14.0,186.0,20.43010752688172,,0.0
268,6,ruby,program_language,2,1.0,,,55.0,27.27272727272727,,0.0
404,7,ruby,program_language,7,2.0,1.0,,67.0,25.37313432835821,,0.0
540,8,ruby,program_language,2,7.0,2.0,1.0,100.0,18.0,,0.0
676,9,ruby,program_language,6,2.0,7.0,2.0,58.0,15.517241379310345,,0.0
812,10,ruby,program_language,4,6.0,2.0,7.0,208.0,16.346153846153847,,0.0
948,11,ruby,program_language,3,4.0,6.0,2.0,218.0,24.31192660550459,,0.0
1084,12,ruby,program_language,4,3.0,4.0,6.0,220.0,15.909090909090908,,0.0
1220,13,ruby,program_language,0,4.0,3.0,4.0,193.0,25.38860103626943,,0.0
1356,14,ruby,program_language,4,0.0,4.0,3.0,167.0,20.35928143712575,,0.0
1492,15,ruby,program_language,5,4.0,0.0,4.0,186.0,20.43010752688172,,0.0
228,6,ruby on rails,framework,1,0.0,,,55.0,27.27272727272727,,0.0
364,7,ruby on rails,framework,4,1.0,0.0,,67.0,25.37313432835821,,0.0
500,8,ruby on rails,framework,0,4.0,1.0,0.0,100.0,18.0,,0.0
636,9,ruby on rails,framework,4,0.0,4.0,1.0,58.0,15.517241379310345,,0.0
772,10,ruby on rails,framework,4,4.0,0.0,4.0,208.0,16.346153846153847,,0.0
908,11,ruby on rails,framework,2,4.0,4.0,0.0,218.0,24.31192660550459,,0.0
1044,12,ruby on rails,framework,2,2.0,4.0,4.0,220.0,15.909090909090908,,0.0
1180,13,ruby on rails,framework,0,2.0,2.0,4.0,193.0,25.38860103626943,,0.0
1316,14,ruby on rails,framework,2,0.0,2.0,2.0,167.0,20.35928143712575,,0.0
1452,15,ruby on rails,framework,3,2.0,0.0,2.0,186.0,20.43010752688172,,0.0
269,6,rust,program_language,0,0.0,,,55.0,27.27272727272727,,0.0
405,7,rust,program_language,0,0.0,0.0,,67.0,25.37313432835821,,0.0
541,8,rust,program_language,2,0.0,0.0,0.0,100.0,18.0,,0.0
677,9,rust,program_language,3,2.0,0.0,0.0,58.0,15.517241379310345,,0.0
813,10,rust,program_language,1,3.0,2.0,0.0,208.0,16.346153846153847,,0.0
949,11,rust,program_language,1,1.0,3.0,2.0,218.0,24.31192660550459,,0.0
1085,12,rust,program_language,2,1.0,1.0,3.0,220.0,15.909090909090908,,0.0
1221,13,rust,program_language,1,2.0,1.0,1.0,193.0,25.38860103626943,,0.0
1357,14,rust,program_language,2,1.0,2.0,1.0,167.0,20.35928143712575,,0.0
1493,15,rust,program_language,2,2.0,1.0,2.0,186.0,20.43010752688172,,0.0
164,6,sagemaker,cloud_devops,2,0.0,,,55.0,27.27272727272727,,0.0
300,7,sagemaker,cloud_devops,0,2.0,0.0,,67.0,25.37313432835821,,0.0
436,8,sagemaker,cloud_devops,1,0.0,2.0,0.0,100.0,18.0,,0.0
572,9,sagemaker,cloud_devops,1,1.0,0.0,2.0,58.0,15.517241379310345,,0.0
708,10,sagemaker,cloud_devops,1,1.0,1.0,0.0,208.0,16.346153846153847,,0.0
844,11,sagemaker,cloud_devops,1,1.0,1.0,1.0,218.0,24.31192660550459,,0.0
980,12,sagemaker,cloud_devops,0,1.0,1.0,1.0,220.0,15.909090909090908,,0.0
1116,13,sagemaker,cloud_devops,2,0.0,1.0,1.0,193.0,25.38860103626943,,0.0
1252,14,sagemaker,cloud_devops,1,2.0,0.0,1.0,167.0,20.35928143712575,,0.0
1388,15,sagemaker,cloud_devops,2,1.0,2.0,0.0,186.0,20.43010752688172,,0.0
256,6,sap,platform,1,3.0,,,55.0,27.27272727272727,,0.0
392,7,sap,platform,4,1.0,3.0,,67.0,25.37313432835821,,0.0
528,8,sap,platform,3,4.0,1.0,3.0,100.0,18.0,,0.0
664,9,sap,platform,7,3.0,4.0,1.0,58.0,15.517241379310345,,0.0
800,10,sap,platform,0,7.0,3.0,4.0,208.0,16.346153846153847,,0.0
936,11,sap,platform,9,0.0,7.0,3.0,218.0,24.31192660550459,,0.0
1072,12,sap,platform,1,9.0,0.0,7.0,220.0,15.909090909090908,,0.0
1208,13,sap,platform,3,1.0,9.0,0.0,193.0,25.38860103626943,,0.0
1344,14,sap,platform,1,3.0,1.0,9.0,167.0,20.35928143712575,,0.0
1480,15,sap,platform,6,1.0,3.0,1.0,186.0,20.43010752688172,,0.0
165,6,secops,cloud_devops,1,0.0,,,55.0,27.27272727272727,devsecops,0.0
301,7,secops,cloud_devops,1,1.0,0.0,,67.0,25.37313432835821,devsecops,1.0
437,8,secops,cloud_devops,3,1.0,1.0,0.0,100.0,18.0,devsecops,1.0
573,9,secops,cloud_devops,5,3.0,1.0,1.0,58.0,15.517241379310345,devsecops,3.0
709,10,secops,cloud_devops,2,5.0,3.0,1.0,208.0,16.346153846153847,devsecops,4.0
845,11,secops,cloud_devops,7,2.0,5.0,3.0,218.0,24.31192660550459,devsecops,3.0
981,12,secops,cloud_devops,4,7.0,2.0,5.0,220.0,15.909090909090908,devsecops,7.0
1117,13,secops,cloud_devops,4,4.0,7.0,2.0,193.0,25.38860103626943,devsecops,5.0
1253,14,secops,cloud_devops,8,4.0,4.0,7.0,167.0,20.35928143712575,devsecops,4.0
1389,15,secops,cloud_devops,4,8.0,4.0,4.0,186.0,20.43010752688172,devsecops,8.0
229,6,selenium,framework,3,3.0,,,55.0,27.27272727272727,playwright,4.0
365,7,selenium,framework,6,3.0,3.0,,67.0,25.37313432835821,playwright,2.0
501,8,selenium,framework,2,6.0,3.0,3.0,100.0,18.0,playwright,4.0
637,9,selenium,framework,11,2.0,6.0,3.0,58.0,15.517241379310345,playwright,2.0
773,10,selenium,framework,8,11.0,2.0,6.0,208.0,16.346153846153847,playwright,5.0
909,11,selenium,framework,7,8.0,11.0,2.0,218.0,24.31192660550459,playwright,10.0
1045,12,selenium,framework,4,7.0,8.0,11.0,220.0,15.909090909090908,playwright,8.0
1181,13,selenium,framework,10,4.0,7.0,8.0,193.0,25.38860103626943,playwright,2.0
1317,14,selenium,framework,11,10.0,4.0,7.0,167.0,20.35928143712575,playwright,10.0
1453,15,selenium,framework,13,11.0,10.0,4.0,186.0,20.43010752688172,playwright,7.0
257,6,sharepoint,platform,0,0.0,,,55.0,27.27272727272727,,0.0
393,7,sharepoint,platform,0,0.0,0.0,,67.0,25.37313432835821,,0.0
529,8,sharepoint,platform,1,0.0,0.0,0.0,100.0,18.0,,0.0
665,9,sharepoint,platform,1,1.0,0.0,0.0,58.0,15.517241379310345,,0.0
801,10,sharepoint,platform,1,1.0,1.0,0.0,208.0,16.346153846153847,,0.0
937,11,sharepoint,platform,2,1.0,1.0,1.0,218.0,24.31192660550459,,0.0
1073,12,sharepoint,platform,1,2.0,1.0,1.0,220.0,15.909090909090908,,0.0
1209,13,sharepoint,platform,0,1.0,2.0,1.0,193.0,25.38860103626943,,0.0
1345,14,sharepoint,platform,1,0.0,1.0,2.0,167.0,20.35928143712575,,0.0
1481,15,sharepoint,platform,4,1.0,0.0,1.0,186.0,20.43010752688172,,0.0
230,6,soap,framework,0,0.0,,,55.0,27.27272727272727,,0.0
366,7,soap,framework,2,0.0,0.0,,67.0,25.37313432835821,,0.0
502,8,soap,framework,2,2.0,0.0,0.0,100.0,18.0,,0.0
638,9,soap,framework,4,2.0,2.0,0.0,58.0,15.517241379310345,,0.0
774,10,soap,framework,5,4.0,2.0,2.0,208.0,16.346153846153847,,0.0
910,11,soap,framework,4,5.0,4.0,2.0,218.0,24.31192660550459,,0.0
1046,12,soap,framework,3,4.0,5.0,4.0,220.0,15.909090909090908,,0.0
1182,13,soap,framework,4,3.0,4.0,5.0,193.0,25.38860103626943,,0.0
1318,14,soap,framework,4,4.0,3.0,4.0,167.0,20.35928143712575,,0.0
1454,15,soap,framework,3,4.0,4.0,3.0,186.0,20.43010752688172,,0.0
166,6,soc,cloud_devops,0,0.0,,,55.0,27.27272727272727,,0.0
302,7,soc,cloud_devops,1,0.0,0.0,,67.0,25.37313432835821,,0.0
438,8,soc,cloud_devops,5,1.0,0.0,0.0,100.0,18.0,,0.0
574,9,soc,cloud_devops,2,5.0,1.0,0.0,58.0,15.517241379310345,,0.0
710,10,soc,cloud_devops,2,2.0,5.0,1.0,208.0,16.346153846153847,,0.0
846,11,soc,cloud_devops,3,2.0,2.0,5.0,218.0,24.31192660550459,,0.0
982,12,soc,cloud_devops,3,3.0,2.0,2.0,220.0,15.909090909090908,,0.0
1118,13,soc,cloud_devops,0,3.0,3.0,2.0,193.0,25.38860103626943,,0.0
1254,14,soc,cloud_devops,6,0.0,3.0,3.0,167.0,20.35928143712575,,0.0
1390,15,soc,cloud_devops,2,6.0,0.0,3.0,186.0,20.43010752688172,,0.0
231,6,spring,framework,6,2.0,,,55.0,27.27272727272727,hibernate,0.0
367,7,spring,framework,6,6.0,2.0,,67.0,25.37313432835821,hibernate,3.0
503,8,spring,framework,1,6.0,6.0,2.0,100.0,18.0,hibernate,2.0
639,9,spring,framework,18,1.0,6.0,6.0,58.0,15.517241379310345,hibernate,0.0
775,10,spring,framework,16,18.0,1.0,6.0,208.0,16.346153846153847,hibernate,6.0
911,11,spring,framework,23,16.0,18.0,1.0,218.0,24.31192660550459,hibernate,4.0
1047,12,spring,framework,19,23.0,16.0,18.0,220.0,15.909090909090908,hibernate,9.0
1183,13,spring,framework,11,19.0,23.0,16.0,193.0,25.38860103626943,hibernate,1.0
1319,14,spring,framework,14,11.0,19.0,23.0,167.0,20.35928143712575,hibernate,3.0
1455,15,spring,framework,21,14.0,11.0,19.0,186.0,20.43010752688172,hibernate,3.0
232,6,spring boot,framework,2,2.0,,,55.0,27.27272727272727,spring,2.0
368,7,spring boot,framework,6,2.0,2.0,,67.0,25.37313432835821,spring,6.0
504,8,spring boot,framework,0,6.0,2.0,2.0,100.0,18.0,spring,6.0
640,9,spring boot,framework,13,0.0,6.0,2.0,58.0,15.517241379310345,spring,1.0
776,10,spring boot,framework,14,13.0,0.0,6.0,208.0,16.346153846153847,spring,18.0
912,11,spring boot,framework,18,14.0,13.0,0.0,218.0,24.31192660550459,spring,16.0
1048,12,spring boot,framework,14,18.0,14.0,13.0,220.0,15.909090909090908,spring,23.0
1184,13,spring boot,framework,10,14.0,18.0,14.0,193.0,25.38860103626943,spring,19.0
1320,14,spring boot,framework,11,10.0,14.0,18.0,167.0,20.35928143712575,spring,11.0
1456,15,spring boot,framework,17,11.0,10.0,14.0,186.0,20.43010752688172,spring,14.0
184,6,sql server,database,6,9.0,,,55.0,27.27272727272727,asp.net,2.0
320,7,sql server,database,7,6.0,9.0,,67.0,25.37313432835821,asp.net,0.0
456,8,sql server,database,3,7.0,6.0,9.0,100.0,18.0,asp.net,5.0
592,9,sql server,database,19,3.0,7.0,6.0,58.0,15.517241379310345,asp.net,0.0
728,10,sql server,database,16,19.0,3.0,7.0,208.0,16.346153846153847,asp.net,10.0
864,11,sql server,database,28,16.0,19.0,3.0,218.0,24.31192660550459,asp.net,11.0
1000,12,sql server,database,18,28.0,16.0,19.0,220.0,15.909090909090908,asp.net,8.0
1136,13,sql server,database,21,18.0,28.0,16.0,193.0,25.38860103626943,asp.net,4.0
1272,14,sql server,database,19,21.0,18.0,28.0,167.0,20.35928143712575,asp.net,7.0
1408,15,sql server,database,16,19.0,21.0,18.0,186.0,20.43010752688172,asp.net,6.0
185,6,sqlite,database,1,0.0,,,55.0,27.27272727272727,,0.0
321,7,sqlite,database,0,1.0,0.0,,67.0,25.37313432835821,,0.0
457,8,sqlite,database,2,0.0,1.0,0.0,100.0,18.0,,0.0
593,9,sqlite,database,1,2.0,0.0,1.0,58.0,15.517241379310345,,0.0
729,10,sqlite,database,1,1.0,2.0,0.0,208.0,16.346153846153847,,0.0
865,11,sqlite,database,1,1.0,1.0,2.0,218.0,24.31192660550459,,0.0
1001,12,sqlite,database,4,1.0,1.0,1.0,220.0,15.909090909090908,,0.0
1137,13,sqlite,database,0,4.0,1.0,1.0,193.0,25.38860103626943,,0.0
1273,14,sqlite,database,1,0.0,4.0,1.0,167.0,20.35928143712575,,0.0
1409,15,sqlite,database,1,1.0,0.0,4.0,186.0,20.43010752688172,,0.0
167,6,sre,cloud_devops,2,2.0,,,55.0,27.27272727272727,,0.0
303,7,sre,cloud_devops,1,2.0,2.0,,67.0,25.37313432835821,,0.0
439,8,sre,cloud_devops,2,1.0,2.0,2.0,100.0,18.0,,0.0
575,9,sre,cloud_devops,4,2.0,1.0,2.0,58.0,15.517241379310345,,0.0
711,10,sre,cloud_devops,3,4.0,2.0,1.0,208.0,16.346153846153847,,0.0
847,11,sre,cloud_devops,4,3.0,4.0,2.0,218.0,24.31192660550459,,0.0
983,12,sre,cloud_devops,3,4.0,3.0,4.0,220.0,15.909090909090908,,0.0
1119,13,sre,cloud_devops,5,3.0,4.0,3.0,193.0,25.38860103626943,,0.0
1255,14,sre,cloud_devops,4,5.0,3.0,4.0,167.0,20.35928143712575,,0.0
1391,15,sre,cloud_devops,5,4.0,5.0,3.0,186.0,20.43010752688172,,0.0
233,6,swagger,framework,1,1.0,,,55.0,27.27272727272727,,0.0
369,7,swagger,framework,2,1.0,1.0,,67.0,25.37313432835821,,0.0
505,8,swagger,framework,2,2.0,1.0,1.0,100.0,18.0,,0.0
641,9,swagger,framework,6,2.0,2.0,1.0,58.0,15.517241379310345,,0.0
777,10,swagger,framework,3,6.0,2.0,2.0,208.0,16.346153846153847,,0.0
913,11,swagger,framework,3,3.0,6.0,2.0,218.0,24.31192660550459,,0.0
1049,12,swagger,framework,4,3.0,3.0,6.0,220.0,15.909090909090908,,0.0
1185,13,swagger,framework,4,4.0,3.0,3.0,193.0,25.38860103626943,,0.0
1321,14,swagger,framework,2,4.0,4.0,3.0,167.0,20.35928143712575,,0.0
1457,15,swagger,framework,3,2.0,4.0,4.0,186.0,20.43010752688172,,0.0
270,6,swift,program_language,3,2.0,,,55.0,27.27272727272727,,0.0
406,7,swift,program_language,5,3.0,2.0,,67.0,25.37313432835821,,0.0
542,8,swift,program_language,3,5.0,3.0,2.0,100.0,18.0,,0.0
678,9,swift,program_language,4,3.0,5.0,3.0,58.0,15.517241379310345,,0.0
814,10,swift,program_language,5,4.0,3.0,5.0,208.0,16.346153846153847,,0.0
950,11,swift,program_language,6,5.0,4.0,3.0,218.0,24.31192660550459,,0.0
1086,12,swift,program_language,14,6.0,5.0,4.0,220.0,15.909090909090908,,0.0
1222,13,swift,program_language,8,14.0,6.0,5.0,193.0,25.38860103626943,,0.0
1358,14,swift,program_language,6,8.0,14.0,6.0,167.0,20.35928143712575,,0.0
1494,15,swift,program_language,7,6.0,8.0,14.0,186.0,20.43010752688172,,0.0
234,6,tailwind css,framework,0,1.0,,,55.0,27.27272727272727,,0.0
370,7,tailwind css,framework,0,0.0,1.0,,67.0,25.37313432835821,,0.0
506,8,tailwind css,framework,0,0.0,0.0,1.0,100.0,18.0,,0.0
642,9,tailwind css,framework,4,0.0,0.0,0.0,58.0,15.517241379310345,,0.0
778,10,tailwind css,framework,2,4.0,0.0,0.0,208.0,16.346153846153847,,0.0
914,11,tailwind css,framework,5,2.0,4.0,0.0,218.0,24.31192660550459,,0.0
1050,12,tailwind css,framework,1,5.0,2.0,4.0,220.0,15.909090909090908,,0.0
1186,13,tailwind css,framework,3,1.0,5.0,2.0,193.0,25.38860103626943,,0.0
1322,14,tailwind css,framework,1,3.0,1.0,5.0,167.0,20.35928143712575,,0.0
1458,15,tailwind css,framework,3,1.0,3.0,1.0,186.0,20.43010752688172,,0.0
168,6,tcp/ip,cloud_devops,3,0.0,,,55.0,27.27272727272727,,0.0
304,7,tcp/ip,cloud_devops,2,3.0,0.0,,67.0,25.37313432835821,,0.0
440,8,tcp/ip,cloud_devops,1,2.0,3.0,0.0,100.0,18.0,,0.0
576,9,tcp/ip,cloud_devops,4,1.0,2.0,3.0,58.0,15.517241379310345,,0.0
712,10,tcp/ip,cloud_devops,6,4.0,1.0,2.0,208.0,16.346153846153847,,0.0
848,11,tcp/ip,cloud_devops,8,6.0,4.0,1.0,218.0,24.31192660550459,,0.0
984,12,tcp/ip,cloud_devops,7,8.0,6.0,4.0,220.0,15.909090909090908,,0.0
1120,13,tcp/ip,cloud_devops,5,7.0,8.0,6.0,193.0,25.38860103626943,,0.0
1256,14,tcp/ip,cloud_devops,6,5.0,7.0,8.0,167.0,20.35928143712575,,0.0
1392,15,tcp/ip,cloud_devops,4,6.0,5.0,7.0,186.0,20.43010752688172,,0.0
235,6,tensorflow,framework,2,1.0,,,55.0,27.27272727272727,pytorch,1.0
371,7,tensorflow,framework,2,2.0,1.0,,67.0,25.37313432835821,pytorch,2.0
507,8,tensorflow,framework,2,2.0,2.0,1.0,100.0,18.0,pytorch,3.0
643,9,tensorflow,framework,8,2.0,2.0,2.0,58.0,15.517241379310345,pytorch,2.0
779,10,tensorflow,framework,8,8.0,2.0,2.0,208.0,16.346153846153847,pytorch,7.0
915,11,tensorflow,framework,7,8.0,8.0,2.0,218.0,24.31192660550459,pytorch,8.0
1051,12,tensorflow,framework,6,7.0,8.0,8.0,220.0,15.909090909090908,pytorch,8.0
1187,13,tensorflow,framework,4,6.0,7.0,8.0,193.0,25.38860103626943,pytorch,6.0
1323,14,tensorflow,framework,7,4.0,6.0,7.0,167.0,20.35928143712575,pytorch,5.0
1459,15,tensorflow,framework,9,7.0,4.0,6.0,186.0,20.43010752688172,pytorch,8.0
169,6,terraform,cloud_devops,7,4.0,,,55.0,27.27272727272727,ansible,2.0
305,7,terraform,cloud_devops,8,7.0,4.0,,67.0,25.37313432835821,ansible,3.0
441,8,terraform,cloud_devops,6,8.0,7.0,4.0,100.0,18.0,ansible,2.0
577,9,terraform,cloud_devops,21,6.0,8.0,7.0,58.0,15.517241379310345,ansible,2.0
713,10,terraform,cloud_devops,10,21.0,6.0,8.0,208.0,16.346153846153847,ansible,7.0
849,11,terraform,cloud_devops,18,10.0,21.0,6.0,218.0,24.31192660550459,ansible,3.0
985,12,terraform,cloud_devops,17,18.0,10.0,21.0,220.0,15.909090909090908,ansible,10.0
1121,13,terraform,cloud_devops,10,17.0,18.0,10.0,193.0,25.38860103626943,ansible,7.0
1257,14,terraform,cloud_devops,18,10.0,17.0,18.0,167.0,20.35928143712575,ansible,7.0
1393,15,terraform,cloud_devops,13,18.0,10.0,17.0,186.0,20.43010752688172,ansible,13.0
236,6,testrail,framework,0,1.0,,,55.0,27.27272727272727,,0.0
372,7,testrail,framework,1,0.0,1.0,,67.0,25.37313432835821,,0.0
508,8,testrail,framework,0,1.0,0.0,1.0,100.0,18.0,,0.0
644,9,testrail,framework,2,0.0,1.0,0.0,58.0,15.517241379310345,,0.0
780,10,testrail,framework,2,2.0,0.0,1.0,208.0,16.346153846153847,,0.0
916,11,testrail,framework,2,2.0,2.0,0.0,218.0,24.31192660550459,,0.0
1052,12,testrail,framework,0,2.0,2.0,2.0,220.0,15.909090909090908,,0.0
1188,13,testrail,framework,3,0.0,2.0,2.0,193.0,25.38860103626943,,0.0
1324,14,testrail,framework,0,3.0,0.0,2.0,167.0,20.35928143712575,,0.0
1460,15,testrail,framework,4,0.0,3.0,0.0,186.0,20.43010752688172,,0.0
170,6,tomcat,cloud_devops,0,0.0,,,55.0,27.27272727272727,,0.0
306,7,tomcat,cloud_devops,1,0.0,0.0,,67.0,25.37313432835821,,0.0
442,8,tomcat,cloud_devops,1,1.0,0.0,0.0,100.0,18.0,,0.0
578,9,tomcat,cloud_devops,1,1.0,1.0,0.0,58.0,15.517241379310345,,0.0
714,10,tomcat,cloud_devops,1,1.0,1.0,1.0,208.0,16.346153846153847,,0.0
850,11,tomcat,cloud_devops,1,1.0,1.0,1.0,218.0,24.31192660550459,,0.0
986,12,tomcat,cloud_devops,1,1.0,1.0,1.0,220.0,15.909090909090908,,0.0
1122,13,tomcat,cloud_devops,2,1.0,1.0,1.0,193.0,25.38860103626943,,0.0
1258,14,tomcat,cloud_devops,1,2.0,1.0,1.0,167.0,20.35928143712575,,0.0
1394,15,tomcat,cloud_devops,1,1.0,2.0,1.0,186.0,20.43010752688172,,0.0
271,6,typescript,program_language,6,7.0,,,55.0,27.27272727272727,redux,1.0
407,7,typescript,program_language,20,6.0,7.0,,67.0,25.37313432835821,redux,3.0
543,8,typescript,program_language,7,20.0,6.0,7.0,100.0,18.0,redux,6.0
679,9,typescript,program_language,30,7.0,20.0,6.0,58.0,15.517241379310345,redux,0.0
815,10,typescript,program_language,29,30.0,7.0,20.0,208.0,16.346153846153847,redux,4.0
951,11,typescript,program_language,25,29.0,30.0,7.0,218.0,24.31192660550459,redux,9.0
1087,12,typescript,program_language,25,25.0,29.0,30.0,220.0,15.909090909090908,redux,6.0
1223,13,typescript,program_language,15,25.0,25.0,29.0,193.0,25.38860103626943,redux,7.0
1359,14,typescript,program_language,19,15.0,25.0,25.0,167.0,20.35928143712575,redux,3.0
1495,15,typescript,program_language,31,19.0,15.0,25.0,186.0,20.43010752688172,redux,4.0
237,6,uikit,framework,1,0.0,,,55.0,27.27272727272727,,0.0
373,7,uikit,framework,0,1.0,0.0,,67.0,25.37313432835821,,0.0
509,8,uikit,framework,1,0.0,1.0,0.0,100.0,18.0,,0.0
645,9,uikit,framework,1,1.0,0.0,1.0,58.0,15.517241379310345,,0.0
781,10,uikit,framework,1,1.0,1.0,0.0,208.0,16.346153846153847,,0.0
917,11,uikit,framework,1,1.0,1.0,1.0,218.0,24.31192660550459,,0.0
1053,12,uikit,framework,5,1.0,1.0,1.0,220.0,15.909090909090908,,0.0
1189,13,uikit,framework,2,5.0,1.0,1.0,193.0,25.38860103626943,,0.0
1325,14,uikit,framework,2,2.0,5.0,1.0,167.0,20.35928143712575,,0.0
1461,15,uikit,framework,1,2.0,2.0,5.0,186.0,20.43010752688172,,0.0
258,6,unity,platform,0,0.0,,,55.0,27.27272727272727,,0.0
394,7,unity,platform,3,0.0,0.0,,67.0,25.37313432835821,,0.0
530,8,unity,platform,2,3.0,0.0,0.0,100.0,18.0,,0.0
666,9,unity,platform,6,2.0,3.0,0.0,58.0,15.517241379310345,,0.0
802,10,unity,platform,5,6.0,2.0,3.0,208.0,16.346153846153847,,0.0
938,11,unity,platform,9,5.0,6.0,2.0,218.0,24.31192660550459,,0.0
1074,12,unity,platform,3,9.0,5.0,6.0,220.0,15.909090909090908,,0.0
1210,13,unity,platform,3,3.0,9.0,5.0,193.0,25.38860103626943,,0.0
1346,14,unity,platform,5,3.0,3.0,9.0,167.0,20.35928143712575,,0.0
1482,15,unity,platform,2,5.0,3.0,3.0,186.0,20.43010752688172,,0.0
238,6,vite,framework,1,4.0,,,55.0,27.27272727272727,,0.0
374,7,vite,framework,3,1.0,4.0,,67.0,25.37313432835821,,0.0
510,8,vite,framework,0,3.0,1.0,4.0,100.0,18.0,,0.0
646,9,vite,framework,4,0.0,3.0,1.0,58.0,15.517241379310345,,0.0
782,10,vite,framework,3,4.0,0.0,3.0,208.0,16.346153846153847,,0.0
918,11,vite,framework,5,3.0,4.0,0.0,218.0,24.31192660550459,,0.0
1054,12,vite,framework,2,5.0,3.0,4.0,220.0,15.909090909090908,,0.0
1190,13,vite,framework,2,2.0,5.0,3.0,193.0,25.38860103626943,,0.0
1326,14,vite,framework,1,2.0,2.0,5.0,167.0,20.35928143712575,,0.0
1462,15,vite,framework,4,1.0,2.0,2.0,186.0,20.43010752688172,,0.0
171,6,vmware,cloud_devops,1,0.0,,,55.0,27.27272727272727,,0.0
307,7,vmware,cloud_devops,2,1.0,0.0,,67.0,25.37313432835821,,0.0
443,8,vmware,cloud_devops,2,2.0,1.0,0.0,100.0,18.0,,0.0
579,9,vmware,cloud_devops,2,2.0,2.0,1.0,58.0,15.517241379310345,,0.0
715,10,vmware,cloud_devops,4,2.0,2.0,2.0,208.0,16.346153846153847,,0.0
851,11,vmware,cloud_devops,8,4.0,2.0,2.0,218.0,24.31192660550459,,0.0
987,12,vmware,cloud_devops,0,8.0,4.0,2.0,220.0,15.909090909090908,,0.0
1123,13,vmware,cloud_devops,5,0.0,8.0,4.0,193.0,25.38860103626943,,0.0
1259,14,vmware,cloud_devops,3,5.0,0.0,8.0,167.0,20.35928143712575,,0.0
1395,15,vmware,cloud_devops,9,3.0,5.0,0.0,186.0,20.43010752688172,,0.0
172,6,vpn,cloud_devops,0,1.0,,,55.0,27.27272727272727,,0.0
308,7,vpn,cloud_devops,2,0.0,1.0,,67.0,25.37313432835821,,0.0
444,8,vpn,cloud_devops,0,2.0,0.0,1.0,100.0,18.0,,0.0
580,9,vpn,cloud_devops,3,0.0,2.0,0.0,58.0,15.517241379310345,,0.0
716,10,vpn,cloud_devops,5,3.0,0.0,2.0,208.0,16.346153846153847,,0.0
852,11,vpn,cloud_devops,12,5.0,3.0,0.0,218.0,24.31192660550459,,0.0
988,12,vpn,cloud_devops,2,12.0,5.0,3.0,220.0,15.909090909090908,,0.0
1124,13,vpn,cloud_devops,6,2.0,12.0,5.0,193.0,25.38860103626943,,0.0
1260,14,vpn,cloud_devops,8,6.0,2.0,12.0,167.0,20.35928143712575,,0.0
1396,15,vpn,cloud_devops,4,8.0,6.0,2.0,186.0,20.43010752688172,,0.0
239,6,vue,framework,4,6.0,,,55.0,27.27272727272727,angular,5.0
375,7,vue,framework,14,4.0,6.0,,67.0,25.37313432835821,angular,6.0
511,8,vue,framework,3,14.0,4.0,6.0,100.0,18.0,angular,9.0
647,9,vue,framework,13,3.0,14.0,4.0,58.0,15.517241379310345,angular,3.0
783,10,vue,framework,18,13.0,3.0,14.0,208.0,16.346153846153847,angular,20.0
919,11,vue,framework,8,18.0,13.0,3.0,218.0,24.31192660550459,angular,16.0
1055,12,vue,framework,12,8.0,18.0,13.0,220.0,15.909090909090908,angular,11.0
1191,13,vue,framework,10,12.0,8.0,18.0,193.0,25.38860103626943,angular,12.0
1327,14,vue,framework,14,10.0,12.0,8.0,167.0,20.35928143712575,angular,9.0
1463,15,vue,framework,13,14.0,10.0,12.0,186.0,20.43010752688172,angular,12.0
240,6,webpack,framework,1,3.0,,,55.0,27.27272727272727,,0.0
376,7,webpack,framework,2,1.0,3.0,,67.0,25.37313432835821,,0.0
512,8,webpack,framework,0,2.0,1.0,3.0,100.0,18.0,,0.0
648,9,webpack,framework,7,0.0,2.0,1.0,58.0,15.517241379310345,,0.0
784,10,webpack,framework,4,7.0,0.0,2.0,208.0,16.346153846153847,,0.0
920,11,webpack,framework,6,4.0,7.0,0.0,218.0,24.31192660550459,,0.0
1056,12,webpack,framework,2,6.0,4.0,7.0,220.0,15.909090909090908,,0.0
1192,13,webpack,framework,2,2.0,6.0,4.0,193.0,25.38860103626943,,0.0
1328,14,webpack,framework,1,2.0,2.0,6.0,167.0,20.35928143712575,,0.0
1464,15,webpack,framework,0,1.0,2.0,2.0,186.0,20.43010752688172,,0.0
241,6,websocket,framework,3,0.0,,,55.0,27.27272727272727,,0.0
377,7,websocket,framework,3,3.0,0.0,,67.0,25.37313432835821,,0.0
513,8,websocket,framework,2,3.0,3.0,0.0,100.0,18.0,,0.0
649,9,websocket,framework,6,2.0,3.0,3.0,58.0,15.517241379310345,,0.0
785,10,websocket,framework,4,6.0,2.0,3.0,208.0,16.346153846153847,,0.0
921,11,websocket,framework,8,4.0,6.0,2.0,218.0,24.31192660550459,,0.0
1057,12,websocket,framework,5,8.0,4.0,6.0,220.0,15.909090909090908,,0.0
1193,13,websocket,framework,2,5.0,8.0,4.0,193.0,25.38860103626943,,0.0
1329,14,websocket,framework,5,2.0,5.0,8.0,167.0,20.35928143712575,,0.0
1465,15,websocket,framework,8,5.0,2.0,5.0,186.0,20.43010752688172,,0.0
259,6,windows,platform,3,5.0,,,55.0,27.27272727272727,linux,6.0
395,7,windows,platform,5,3.0,5.0,,67.0,25.37313432835821,linux,9.0
531,8,windows,platform,4,5.0,3.0,5.0,100.0,18.0,linux,10.0
667,9,windows,platform,12,4.0,5.0,3.0,58.0,15.517241379310345,linux,12.0
803,10,windows,platform,8,12.0,4.0,5.0,208.0,16.346153846153847,linux,22.0
939,11,windows,platform,11,8.0,12.0,4.0,218.0,24.31192660550459,linux,21.0
1075,12,windows,platform,9,11.0,8.0,12.0,220.0,15.909090909090908,linux,22.0
1211,13,windows,platform,14,9.0,11.0,8.0,193.0,25.38860103626943,linux,24.0
1347,14,windows,platform,10,14.0,9.0,11.0,167.0,20.35928143712575,linux,20.0
1483,15,windows,platform,13,10.0,14.0,9.0,186.0,20.43010752688172,linux,23.0
